curve_num,model,n,n_unique_time,dynamic_range,rss,aic,bic,params,Species,Temp,Medium,PopBio_units
1,quadratic,28,28,0.2765217391304346,0.0009993448412369578,-280.73722455365873,-276.7406110231331,"-0.0216595,0.000855754,-5.97887e-07",Chryseobacterium.balustinum,5,TSB,OD_595
1,cubic,28,28,0.2765217391304346,0.0009991663698507623,-278.74222547514375,-273.41340743444295,"-0.0219174,0.000859885,-6.12537e-07,1.40847e-11",Chryseobacterium.balustinum,5,TSB,OD_595
1,logistic,28,28,0.2765217391304346,0.002763459443579307,-252.2573412361216,-248.26072770559597,"0.276859,0.0102395,233.19",Chryseobacterium.balustinum,5,TSB,OD_595
1,gompertz,28,28,0.2765217391304346,0.0010919868052889814,-278.25490785933715,-274.25829432881153,"0.290659,0.00662809,180.531",Chryseobacterium.balustinum,5,TSB,OD_595
2,quadratic,28,28,0.5141574995634708,0.11303316068706432,-148.34379957045155,-144.34718603992593,"0.202008,0.00194213,-2.27097e-06",Enterobacter.sp.,5,TSB,OD_595
2,cubic,28,28,0.5141574995634708,0.025134148416450484,-188.44050644329,-183.11168840258918,"0.0216611,0.00484322,-1.25794e-05,9.92158e-09",Enterobacter.sp.,5,TSB,OD_595
2,logistic,28,28,0.5141574995634708,0.0026764493492178296,-253.153124796866,-249.15651126634037,"0.566753,0.0398231,66.5736",Enterobacter.sp.,5,TSB,OD_595
2,gompertz,28,28,0.5141574995634708,0.0030311334423170967,-249.66864865393836,-245.67203512341274,"0.568258,0.0287673,50.8459",Enterobacter.sp.,5,TSB,OD_595
3,quadratic,28,28,0.5090797974506726,0.141565668022965,-142.0414906532862,-138.04487712276057,"0.0675119,0.00227216,-2.77225e-06",Pantoea.agglomerans.1,5,TSB,OD_595
3,cubic,28,28,0.5090797974506726,0.04318620439687672,-173.28428325204104,-167.95546521134023,"-0.125738,0.0053548,-1.36807e-05,1.04686e-08",Pantoea.agglomerans.1,5,TSB,OD_595
3,logistic,28,28,0.5090797974506726,0.015333834438781488,-204.27714403024737,-200.28053049972175,"0.473379,0.0614085,89.5553",Pantoea.agglomerans.1,5,TSB,OD_595
3,gompertz,28,28,0.5090797974506726,0.01714845926558546,-201.14544083303016,-197.14882730250454,"0.473807,0.045119,78.9198",Pantoea.agglomerans.1,5,TSB,OD_595
4,quadratic,30,30,0.5540876549676967,0.10827164496469299,-162.72928080795793,-158.52568866297148,"-0.068604,0.00340297,-4.57221e-06",Pantoea.agglomerans.2,5,TSB,OD_595
4,cubic,30,30,0.5540876549676967,0.046866363299627116,-185.8495732881315,-180.24478376148286,"-0.220351,0.00581047,-1.30695e-05,8.16033e-09",Pantoea.agglomerans.2,5,TSB,OD_595
4,logistic,30,30,0.5540876549676967,0.24277281036076312,-138.50479774250184,-134.30120559751538,"0.451276,0.0643352,112.731",Pantoea.agglomerans.2,5,TSB,OD_595
4,gompertz,30,30,0.5540876549676967,0.24590843032231263,-138.11980285411553,-133.91621070912907,"0.451166,0.0506273,103.231",Pantoea.agglomerans.2,5,TSB,OD_595
5,quadratic,28,28,0.0077946568884232,7.934760614898449e-05,-351.66855011655304,-347.6719365860274,"0.00372732,4.34227e-06,-1.27537e-08",Bacillus.pumilus,5,TSB,OD_595
5,cubic,28,28,0.0077946568884232,7.866497542920737e-05,-349.91047742224157,-344.58165938154076,"0.00322386,1.23909e-05,-4.12437e-08,2.73312e-11",Bacillus.pumilus,5,TSB,OD_595
5,logistic,28,28,0.0077946568884232,0.00010603572409031159,-343.55029231040464,-339.553678779879,"0.00643166,3.19337e-14,178.02",Bacillus.pumilus,5,TSB,OD_595
5,gompertz,28,28,0.0077946568884232,0.00010603572415327155,-343.55029229377925,-339.55367876325363,"0.00874171,1.36705e-14,23.8173",Bacillus.pumilus,5,TSB,OD_595
6,quadratic,28,28,0.3782991202346041,0.00249570053445519,-255.11092907287178,-251.11431554234616,"-0.019938,0.00114386,-7.48991e-07",Clavibacter.michiganensis,5,TSB,OD_595
6,cubic,28,28,0.3782991202346041,0.0012316098263170543,-272.8858548614675,-267.5570368207667,"0.00175103,0.000796349,4.83651e-07,-1.18483e-09",Clavibacter.michiganensis,5,TSB,OD_595
6,logistic,28,28,0.3782991202346041,0.0024425445928353685,-255.71374396560367,-251.71713043507805,"0.407053,0.00929186,245.169",Clavibacter.michiganensis,5,TSB,OD_595
6,gompertz,28,28,0.3782991202346041,0.0014709115721267137,-269.9141689770717,-265.9175554465461,"0.431875,0.00587564,188.666",Clavibacter.michiganensis,5,TSB,OD_595
7,quadratic,28,28,0.2727272727272727,0.01953657579567751,-197.49479916227318,-193.49818563174756,"-0.019595,0.00142823,-1.72382e-06",Pseudomonas.fluorescens.1,5,TSB,OD_595
7,cubic,28,28,0.2727272727272727,0.008122869085971134,-220.06773812707883,-214.73892008637802,"-0.0856332,0.00248039,-5.44859e-06,3.5774e-09",Pseudomonas.fluorescens.1,5,TSB,OD_595
7,logistic,28,28,0.2727272727272727,0.013048033434866317,-208.79702611893333,-204.8004125884077,"0.244903,0.0326949,124.531",Pseudomonas.fluorescens.1,5,TSB,OD_595
7,gompertz,28,28,0.2727272727272727,0.01511462926128292,-204.68030729463817,-200.68369376411255,"0.244978,0.0241666,103.689",Pseudomonas.fluorescens.1,5,TSB,OD_595
8,quadratic,28,28,0.16715542521994128,0.003343764824941728,-246.92014786857158,-242.92353433804595,"-0.039269,0.000759733,-7.19671e-07",Pseudomonas.fluorescens.2,5,TSB,OD_595
8,cubic,28,28,0.16715542521994128,0.0016822596576214117,-264.1550122253775,-258.8261941846767,"-0.0138517,0.000357422,6.99459e-07,-1.35914e-09",Pseudomonas.fluorescens.2,5,TSB,OD_595
8,logistic,28,28,0.16715542521994128,0.0015977316054837324,-267.5984975482598,-263.60188401773416,"0.159628,0.016737,216.361",Pseudomonas.fluorescens.2,5,TSB,OD_595
8,gompertz,28,28,0.16715542521994128,0.002567966898663893,-254.3116682135506,-250.31505468302498,"0.161958,0.0112729,176.502",Pseudomonas.fluorescens.2,5,TSB,OD_595
9,quadratic,28,28,0.1108504398826975,0.0005149006536703435,-299.3047505642086,-295.30813703368295,"0.0105506,0.000418513,-3.95561e-07",Acinetobacter.clacoaceticus.1,5,TSB,OD_595
9,cubic,28,28,0.1108504398826975,0.0005146189213489048,-297.3200751979283,-291.9912571572275,"0.0102218,0.000423735,-4.13998e-07,1.76651e-11",Acinetobacter.clacoaceticus.1,5,TSB,OD_595
9,logistic,28,28,0.1108504398826975,0.0005635230742643131,-296.7781900466489,-292.78157651612327,"0.120114,0.0112791,143.406",Acinetobacter.clacoaceticus.1,5,TSB,OD_595
9,gompertz,28,28,0.1108504398826975,0.0006480275067113516,-292.86589387366575,-288.86928034314013,"0.122277,0.00811435,94.2902",Acinetobacter.clacoaceticus.1,5,TSB,OD_595
10,quadratic,28,28,0.09853372434017589,0.00048034436710841746,-301.2499301197931,-297.25331658926746,"0.00509266,0.000400941,-3.9034e-07",Acinetobacter.clacoaceticus.2,5,TSB,OD_595
10,cubic,28,28,0.09853372434017589,0.0004391233041930324,-301.7621749417266,-296.4333569010258,"0.00108072,0.000464472,-6.14629e-07,2.15014e-10",Acinetobacter.clacoaceticus.2,5,TSB,OD_595
10,logistic,28,28,0.09853372434017589,0.0005626949341079199,-296.8193684479636,-292.822754917438,"0.105137,0.0129794,141.868",Acinetobacter.clacoaceticus.2,5,TSB,OD_595
10,gompertz,28,28,0.09853372434017589,0.0005256936754202966,-298.723898952589,-294.7272854220634,"0.106727,0.00935703,98.3676",Acinetobacter.clacoaceticus.2,5,TSB,OD_595
11,quadratic,28,28,0.2121739130434783,0.007654550013568597,-223.73046726310127,-219.73385373257565,"-0.0189897,0.00111064,-1.23943e-06",Stenotrophomonas.maltophilia.1,5,TSB,OD_595
11,cubic,28,28,0.2121739130434783,0.004014436272988704,-239.80175999178746,-234.47294195108665,"-0.0555995,0.00169887,-3.32891e-06,2.01097e-09",Stenotrophomonas.maltophilia.1,5,TSB,OD_595
11,logistic,28,28,0.2121739130434783,0.0021458040360919544,-259.34047302034054,-255.34385948981492,"0.210503,0.0260217,137.706",Stenotrophomonas.maltophilia.1,5,TSB,OD_595
11,gompertz,28,28,0.2121739130434783,0.003339668866351876,-246.95446760904377,-242.95785407851815,"0.211404,0.0182695,111.562",Stenotrophomonas.maltophilia.1,5,TSB,OD_595
12,quadratic,28,28,0.2521739130434784,0.0034299684570457335,-246.20744427811397,-242.21083074758835,"-0.0391889,0.00111534,-1.02574e-06",Stenotrophomonas.maltophilia.2,5,TSB,OD_595
12,cubic,28,28,0.2521739130434784,0.002290828142991162,-255.5092992691944,-250.1804812284936,"-0.0184057,0.000783592,1.49989e-07,-1.13007e-09",Stenotrophomonas.maltophilia.2,5,TSB,OD_595
12,logistic,28,28,0.2521739130434784,0.0012320503066554828,-274.8758425635516,-270.879229033026,"0.261172,0.0144317,200.846",Stenotrophomonas.maltophilia.2,5,TSB,OD_595
12,gompertz,28,28,0.2521739130434784,0.0025913526908670896,-254.05783370889498,-250.06122017836935,"0.266913,0.00957936,156.88",Stenotrophomonas.maltophilia.2,5,TSB,OD_595
13,quadratic,28,28,0.34434782608695713,0.025874856347392027,-189.62726650260728,-185.63065297208166,"0.0423356,0.00165431,-1.84618e-06",Klebsiella.pneumonia,5,TSB,OD_595
13,cubic,28,28,0.34434782608695713,0.009224459314337753,-216.50683393208934,-211.17801589138853,"-0.0368393,0.00291904,-6.32997e-06,4.31005e-09",Klebsiella.pneumonia,5,TSB,OD_595
13,logistic,28,28,0.34434782608695713,0.00450235634230028,-238.59004913856745,-234.59343560804183,"0.380085,0.0243191,105.464",Klebsiella.pneumonia,5,TSB,OD_595
13,gompertz,28,28,0.34434782608695713,0.006588189451998593,-227.93107416340078,-223.93446063287516,"0.382048,0.0173776,79.4822",Klebsiella.pneumonia,5,TSB,OD_595
14,quadratic,28,28,0.0104347826086962,9.824291405230672e-05,-345.68761436468844,-341.6910008341628,"0.0157999,-5.67999e-05,7.93876e-08",Dickeya.zeae,5,TSB,OD_595
14,cubic,28,28,0.0104347826086962,9.711238523880768e-05,-344.01169218874804,-338.68287414804723,"0.0164581,-6.72587e-05,1.16326e-07,-3.54e-11",Dickeya.zeae,5,TSB,OD_595
14,logistic,28,28,0.0104347826086962,0.0002993248717353836,-314.49319559738706,-310.49658206686144,"0.017267,1.03364e-13,274.149",Dickeya.zeae,5,TSB,OD_595
14,gompertz,28,28,0.0104347826086962,0.000299324871728721,-314.4931955980103,-310.49658206748467,"0.0234684,4.5587e-14,264.899",Dickeya.zeae,5,TSB,OD_595
15,quadratic,29,29,0.0365217391304353,0.0002207350214599522,-335.78945870802045,-331.687571218061,"0.00670278,-5.68222e-05,1.40065e-07",Pectobacterium.carotovorum.subsp..Carotovorum.Pcc2,5,TSB,OD_595
15,cubic,29,29,0.0365217391304353,6.582062655777241e-05,-368.88032063137007,-363.41113731142417,"0.00165833,4.12695e-05,-2.3053e-07,3.67327e-10",Pectobacterium.carotovorum.subsp..Carotovorum.Pcc2,5,TSB,OD_595
15,logistic,29,29,0.0365217391304353,0.0001742239103006707,-342.6514871807352,-338.5495996907758,"0.0699582,0.00943353,672.198",Pectobacterium.carotovorum.subsp..Carotovorum.Pcc2,5,TSB,OD_595
15,gompertz,29,29,0.0365217391304353,0.00023768405868152228,-333.6440583402661,-329.54217085030666,"0.0932498,0.0042824,672.198",Pectobacterium.carotovorum.subsp..Carotovorum.Pcc2,5,TSB,OD_595
16,quadratic,28,28,0.4347826086956521,0.055909690486116076,-168.05421796181395,-164.05760443128833,"-0.0682876,0.0023586,-2.6446e-06",Pantoea.agglomerans..RDA.R.,5,TSB,OD_595
16,cubic,28,28,0.4347826086956521,0.029521506701421722,-183.93554101978216,-178.60672297908135,"-0.169292,0.00396026,-8.30435e-06,5.42927e-09",Pantoea.agglomerans..RDA.R.,5,TSB,OD_595
16,logistic,28,28,0.4347826086956521,0.007192292112900776,-225.47459654052528,-221.47798300999966,"0.412331,0.0369379,140.677",Pantoea.agglomerans..RDA.R.,5,TSB,OD_595
16,gompertz,28,28,0.4347826086956521,0.008264239972659595,-221.5846165444222,-217.58800301389658,"0.413292,0.0267889,122.874",Pantoea.agglomerans..RDA.R.,5,TSB,OD_595
17,quadratic,28,28,0.0105073111216548,0.0001330456924300035,-337.1966285107625,-333.20001498023686,"0.00767403,-1.33062e-05,7.96627e-09",Dickeya.zeae..RDA.R.,5,TSB,OD_595
17,cubic,28,28,0.0105073111216548,0.00012143923470158864,-337.7524295785393,-332.4236115378385,"0.00972607,-4.62896e-05,1.24892e-07,-1.12211e-10",Dickeya.zeae..RDA.R.,5,TSB,OD_595
17,logistic,28,28,0.0105073111216548,0.00020785668148411276,-324.7042552031603,-320.7076416726347,"0.00433883,0.61826,22.3493",Dickeya.zeae..RDA.R.,5,TSB,OD_595
17,gompertz,28,28,0.0105073111216548,0.00021175381044611402,-324.18414071289504,-320.1875271823694,"0.00433144,0.595346,22.3493",Dickeya.zeae..RDA.R.,5,TSB,OD_595
18,quadratic,28,28,0.0344278962578637,0.00023847094067599696,-320.85709300338607,-316.86047947286045,"0.017467,0.000107488,-9.75797e-08",Acinetobacter.clacoaceticus..RDA.R.,5,TSB,OD_595
18,cubic,28,28,0.0344278962578637,0.00023820917265479725,-318.88784530508855,-313.55902726438774,"0.0177775,0.000102508,-7.99287e-08,-1.6947e-11",Acinetobacter.clacoaceticus..RDA.R.,5,TSB,OD_595
18,logistic,28,28,0.0344278962578637,0.00024707826521789313,-319.86427771720804,-315.8676641866824,"0.0479002,0.00761512,65.9452",Acinetobacter.clacoaceticus..RDA.R.,5,TSB,OD_595
18,gompertz,28,28,0.0344278962578637,0.0002653174757026668,-317.8700622552891,-313.8734487247635,"0.0484342,0.00653694,23.562",Acinetobacter.clacoaceticus..RDA.R.,5,TSB,OD_595
19,quadratic,28,28,0.1486403716871953,0.0026949216881612167,-252.96053801561402,-248.9639244850884,"-0.0261261,0.000511251,-3.44367e-07",Stenotrophomonas.maltophilia..RDA.R.,5,TSB,OD_595
19,cubic,28,28,0.1486403716871953,0.0005673424621249263,-294.5890547988486,-289.2602367581478,"0.00183942,6.26808e-05,1.24534e-06,-1.52579e-09",Stenotrophomonas.maltophilia..RDA.R.,5,TSB,OD_595
19,logistic,28,28,0.1486403716871953,0.0005055524458887109,-299.8177719670915,-295.8211584365659,"0.157553,0.0122696,267.121",Stenotrophomonas.maltophilia..RDA.R.,5,TSB,OD_595
19,gompertz,28,28,0.1486403716871953,0.0009582131407023505,-281.91405523549844,-277.9174417049728,"0.165208,0.00759902,218.964",Stenotrophomonas.maltophilia..RDA.R.,5,TSB,OD_595
20,quadratic,28,28,0.0086956521739135,0.0001129589696413506,-341.77933164472716,-337.78271811420154,"0.0141759,-4.98311e-05,7.20322e-08",Klebsiella.pneumonia..RDA.R.,5,TSB,OD_595
20,cubic,28,28,0.0086956521739135,0.00011052648437498198,-340.3888771523471,-335.0600591116463,"0.0151453,-6.52148e-05,1.26363e-07,-5.20756e-11",Klebsiella.pneumonia..RDA.R.,5,TSB,OD_595
20,logistic,28,28,0.0086956521739135,0.0002759198035824404,-316.7729347185086,-312.776321187983,"0.0166927,6.33487e-05,671.042",Klebsiella.pneumonia..RDA.R.,5,TSB,OD_595
20,gompertz,28,28,0.0086956521739135,0.0002759199993311147,-316.7729148541826,-312.776301323657,"0.0226869,3.15471e-05,671.041",Klebsiella.pneumonia..RDA.R.,5,TSB,OD_595
21,quadratic,28,28,0.0078564518414907,0.0001245616292530617,-339.04160489772266,-335.04499136719704,"-0.00215254,7.97972e-06,-9.27174e-09",Bacillus.pumilus..RDA.R.,5,TSB,OD_595
21,cubic,28,28,0.0078564518414907,0.00011405821448872173,-339.5081707068783,-334.17935266617746,"-0.0041408,3.96938e-05,-1.21376e-07,1.07443e-10",Bacillus.pumilus..RDA.R.,5,TSB,OD_595
21,logistic,28,28,0.0078564518414907,0.00015002418540797284,-333.83371942764177,-329.83710589711615,"2.0759e-05,0.105226,645.278",Bacillus.pumilus..RDA.R.,5,TSB,OD_595
21,gompertz,28,28,0.0078564518414907,0.00015001508509552005,-333.8354179302966,-329.838804399771,"8.59366e-06,0.0595593,653.392",Bacillus.pumilus..RDA.R.,5,TSB,OD_595
22,quadratic,28,28,0.2964267008447998,0.002585789136355015,-254.11801347275087,-250.12139994222525,"-0.00714099,0.000719346,-3.10524e-07",Clavibacter.michiganensis..RDA.R.,5,TSB,OD_595
22,cubic,28,28,0.2964267008447998,0.0009688286031237992,-279.6055658575414,-274.2767478168406,"0.0173727,0.000327034,1.07904e-06,-1.33368e-09",Clavibacter.michiganensis..RDA.R.,5,TSB,OD_595
22,logistic,28,28,0.2964267008447998,0.0013505048829161469,-272.3054758197713,-268.30886228924567,"0.337557,0.00799118,289.839",Clavibacter.michiganensis..RDA.R.,5,TSB,OD_595
22,gompertz,28,28,0.2964267008447998,0.0013017793074740656,-273.33437734849537,-269.33776381796974,"0.375522,0.00463292,235.15",Clavibacter.michiganensis..RDA.R.,5,TSB,OD_595
23,quadratic,21,21,0.2933333333333331,0.01681380026923241,-143.73163218090303,-140.59806486773277,"0.0619979,0.00194475,-3.25659e-06",Chryseobacterium.balustinum,15,TSB,OD_595
23,cubic,21,21,0.2933333333333331,0.0019075325099295712,-187.4358109786792,-183.2577212277855,"0.000796333,0.00357863,-1.18015e-05,1.17516e-08",Chryseobacterium.balustinum,15,TSB,OD_595
23,logistic,21,21,0.2933333333333331,0.004351534328762037,-172.11673350534292,-168.98316619217266,"0.317823,0.0385455,58.1464",Chryseobacterium.balustinum,15,TSB,OD_595
23,gompertz,21,21,0.2933333333333331,0.00574194910513748,-166.29405897182622,-163.16049165865596,"0.318794,0.0275136,40.7212",Chryseobacterium.balustinum,15,TSB,OD_595
24,quadratic,29,29,0.8240000000000002,0.6508409502795921,-104.10678856588808,-100.00490107592866,"0.234682,0.00485477,-8.2013e-06",Enterobacter.sp.,15,TSB,OD_595
24,cubic,29,29,0.8240000000000002,0.3122803576955899,-123.40334252626224,-117.93415920631634,"0.156913,0.0100175,-3.99777e-05,4.68566e-08",Enterobacter.sp.,15,TSB,OD_595
24,logistic,29,29,0.8240000000000002,0.038973476964233374,-185.7529233890721,-181.65103589911269,"0.825572,0.437205,8.87919",Enterobacter.sp.,15,TSB,OD_595
24,gompertz,29,29,0.8240000000000002,0.027496283320887122,-195.86900769653263,-191.76712020657322,"0.832011,0.141753,8.64144",Enterobacter.sp.,15,TSB,OD_595
25,quadratic,27,23,0.701333333333334,0.6786091513809973,-93.45576379033395,-89.56825319232095,"0.216727,0.00298337,-6.67101e-06",Pantoea.agglomerans.1,15,TSB,OD_595
25,cubic,27,23,0.701333333333334,0.1470216254433128,-132.75133634354538,-127.56798887952806,"0.0476784,0.0101628,-4.76982e-05,5.84246e-08",Pantoea.agglomerans.1,15,TSB,OD_595
25,logistic,27,23,0.701333333333334,0.5603965635870761,-98.62358149057837,-94.73607089256538,"0.452897,0.232788,17.8507",Pantoea.agglomerans.1,15,TSB,OD_595
25,gompertz,27,23,0.701333333333334,0.5611716348413432,-98.58626422850577,-94.69875363049277,"0.452628,0.154618,13.6442",Pantoea.agglomerans.1,15,TSB,OD_595
26,quadratic,27,26,0.794666666666667,0.9205000241059441,-85.22422818938723,-81.33671759137425,"0.249453,0.00168486,-4.39515e-06",Pantoea.agglomerans.2,15,TSB,OD_595
26,cubic,27,26,0.794666666666667,0.4152028749361867,-104.72027200134374,-99.53692453732643,"0.0864424,0.00839421,-4.32729e-05,5.61401e-08",Pantoea.agglomerans.2,15,TSB,OD_595
26,logistic,27,26,0.794666666666667,0.8267559199090369,-88.12423108267681,-84.23672048466383,"0.34818,0.689821,11.5117",Pantoea.agglomerans.2,15,TSB,OD_595
26,gompertz,27,26,0.794666666666667,0.8268107393125403,-88.12244086286695,-84.23493026485397,"0.348262,0.404368,10.5573",Pantoea.agglomerans.2,15,TSB,OD_595
27,quadratic,22,22,0.1680000000000006,0.004274590200094236,-182.01440887182,-178.74128151174506,"0.0081961,0.00119636,-2.31609e-06",Bacillus.pumilus,15,TSB,OD_595
27,cubic,22,22,0.1680000000000006,0.0014857308829698147,-203.26359988978538,-198.89943007635213,"-0.0103751,0.00180279,-5.65611e-06,4.7023e-09",Bacillus.pumilus,15,TSB,OD_595
27,logistic,22,22,0.1680000000000006,0.016493662158695948,-152.30807380999286,-149.03494644991792,"0.13243,0.044991,60.2613",Bacillus.pumilus,15,TSB,OD_595
27,gompertz,22,22,0.1680000000000006,0.0170141389324384,-151.62456670506648,-148.35143934499155,"0.132328,0.032697,43.5841",Bacillus.pumilus,15,TSB,OD_595
28,quadratic,23,23,0.6576936104695921,0.0951540870236812,-120.21829481805254,-116.81181217026509,"0.0462626,0.00483341,-9.41125e-06",Clavibacter.michiganensis,15,TSB,OD_595
28,cubic,23,23,0.6576936104695921,0.02771333169968591,-146.5907259001684,-142.0487490364518,"-0.027403,0.00761197,-2.5191e-05,2.25251e-08",Clavibacter.michiganensis,15,TSB,OD_595
28,logistic,23,23,0.6576936104695921,0.2508590093037129,-97.9222438790165,-94.51576123122905,"0.543779,0.0519847,57.3871",Clavibacter.michiganensis,15,TSB,OD_595
28,gompertz,23,23,0.6576936104695921,0.2640131963907521,-96.74675935376969,-93.34027670598223,"0.543237,0.0367147,42.0508",Clavibacter.michiganensis,15,TSB,OD_595
29,quadratic,23,23,0.2944357197844495,0.060264103556399724,-130.72379591823557,-127.31731327044812,"0.0526466,0.00161634,-3.25233e-06",Pseudomonas.fluorescens.1,15,TSB,OD_595
29,cubic,23,23,0.2944357197844495,0.014717356205016139,-161.14710607771863,-156.60512921400203,"-0.00707988,0.00388701,-1.61728e-05,1.84612e-08",Pseudomonas.fluorescens.1,15,TSB,OD_595
29,logistic,23,23,0.2944357197844495,0.04195150413611293,-139.05490976539784,-135.6484271176104,"0.211152,0.1049,39.3254",Pseudomonas.fluorescens.1,15,TSB,OD_595
29,gompertz,23,23,0.2944357197844495,0.042873913823394505,-138.55467623615817,-135.14819358837073,"0.21091,0.0786803,32.044",Pseudomonas.fluorescens.1,15,TSB,OD_595
30,quadratic,23,23,0.2784603541185527,0.031150722124569014,-145.9014775588797,-142.49499491109225,"0.0600812,0.00161555,-2.7946e-06",Pseudomonas.fluorescens.2,15,TSB,OD_595
30,cubic,23,23,0.2784603541185527,0.010067621780801568,-169.8802746506695,-165.3382977869529,"0.0196451,0.00315214,-1.15272e-05,1.24601e-08",Pseudomonas.fluorescens.2,15,TSB,OD_595
30,logistic,23,23,0.2784603541185527,0.004752092932187622,-189.1472802019237,-185.74079755413626,"0.257651,0.0670337,37.3643",Pseudomonas.fluorescens.2,15,TSB,OD_595
30,gompertz,23,23,0.2784603541185527,0.004642748256780184,-189.6826891677097,-186.27620651992225,"0.258352,0.0454149,26.3771",Pseudomonas.fluorescens.2,15,TSB,OD_595
31,quadratic,21,21,0.1729822940723628,0.01971989847262858,-140.38363983581417,-137.2500725226439,"0.137986,0.000699277,-1.42796e-06",Acinetobacter.clacoaceticus.1,15,TSB,OD_595
31,cubic,21,21,0.1729822940723628,0.01253660154670569,-147.89612977256508,-143.71804002167138,"0.0961533,0.00182211,-7.3033e-06,8.07834e-09",Acinetobacter.clacoaceticus.1,15,TSB,OD_595
31,logistic,21,21,0.1729822940723628,0.011364681825483926,-151.9571123716077,-148.82354505843745,"0.205017,0.0845085,18.1911",Acinetobacter.clacoaceticus.1,15,TSB,OD_595
31,gompertz,21,21,0.1729822940723628,0.011840815733790448,-151.0952290569469,-147.96166174377663,"0.20494,0.0659305,11.0874",Acinetobacter.clacoaceticus.1,15,TSB,OD_595
32,quadratic,25,25,0.2238460354118551,0.04396479464088297,-152.5810477999621,-148.92442032535752,"0.0716928,0.000986179,-2.19246e-06",Acinetobacter.clacoaceticus.2,15,TSB,OD_595
32,cubic,25,25,0.2238460354118551,0.009758296016373694,-188.21283267884957,-183.33732937937677,"0.0349888,0.00276203,-1.27002e-05,1.52438e-08",Acinetobacter.clacoaceticus.2,15,TSB,OD_595
32,logistic,25,25,0.2238460354118551,0.040370475078310944,-154.71331002379773,-151.05668254919314,"0.150461,0.140405,12.8098",Acinetobacter.clacoaceticus.2,15,TSB,OD_595
32,gompertz,25,25,0.2238460354118551,0.03983744884494805,-155.04559270501585,-151.38896523041126,"0.150234,0.117907,7.85407",Acinetobacter.clacoaceticus.2,15,TSB,OD_595
33,quadratic,23,22,0.2537652637527333,0.028265987322227147,-148.1365763130888,-144.73009366530135,"0.0655592,0.00141315,-2.91199e-06",Stenotrophomonas.maltophilia.1,15,TSB,OD_595
33,cubic,23,22,0.2537652637527333,0.0057457075873323426,-182.78031778483677,-178.23834092112017,"0.0208157,0.00305016,-1.2154e-05,1.31621e-08",Stenotrophomonas.maltophilia.1,15,TSB,OD_595
33,logistic,23,22,0.2537652637527333,0.03163967977180564,-145.54326188027161,-142.13677923248417,"0.195191,0.0822228,27.7199",Stenotrophomonas.maltophilia.1,15,TSB,OD_595
33,gompertz,23,22,0.2537652637527333,0.032084181669287684,-145.22238648978166,-141.8159038419942,"0.19519,0.0594639,18.8312",Stenotrophomonas.maltophilia.1,15,TSB,OD_595
34,quadratic,23,23,0.3252438515024207,0.048606533815706565,-135.66830524494182,-132.26182259715438,"0.0741742,0.00185998,-3.97997e-06",Stenotrophomonas.maltophilia.2,15,TSB,OD_595
34,cubic,23,23,0.3252438515024207,0.005884706235661805,-182.2305314771507,-177.6885546134341,"0.0042624,0.00419733,-1.68918e-05,1.81392e-08",Stenotrophomonas.maltophilia.2,15,TSB,OD_595
34,logistic,23,23,0.3252438515024207,0.09826199685721093,-119.47907936258324,-116.0725967147958,"0.224421,0.0859397,32.7933",Stenotrophomonas.maltophilia.2,15,TSB,OD_595
34,gompertz,23,23,0.3252438515024207,0.09939472691631762,-119.21545993111312,-115.80897728332567,"0.224286,0.0621221,23.7436",Stenotrophomonas.maltophilia.2,15,TSB,OD_595
35,quadratic,32,31,0.7747229797793668,0.6176871504563418,-120.32029060916467,-115.9230829007655,"0.260528,0.0047288,-8.33602e-06",Klebsiella.pneumonia,15,TSB,OD_595
35,cubic,32,31,0.7747229797793668,0.30302090537758086,-141.1100602882251,-135.24711667702618,"0.190619,0.0095674,-3.79693e-05,4.35112e-08",Klebsiella.pneumonia,15,TSB,OD_595
35,logistic,32,31,0.7747229797793668,0.04382819084121403,-204.98284623764602,-200.58563852924684,"0.805489,0.269849,9.33353",Klebsiella.pneumonia,15,TSB,OD_595
35,gompertz,32,31,0.7747229797793668,0.03407923393055319,-213.03369467638322,-208.63648696798404,"0.809102,0.143924,7.40836",Klebsiella.pneumonia,15,TSB,OD_595
36,quadratic,25,25,0.6956340139062929,0.4672221907008005,-93.49565440612747,-89.83902693152287,"0.179074,0.00382232,-8.20084e-06",Dickeya.zeae,15,TSB,OD_595
36,cubic,25,25,0.6956340139062929,0.14580861542125462,-120.60840488352017,-115.73290158404737,"0.0323906,0.00971434,-4.21327e-05,4.87311e-08",Dickeya.zeae,15,TSB,OD_595
36,logistic,25,25,0.6956340139062929,0.3822577950771799,-98.51339666584603,-94.85676919124143,"0.515955,0.169606,23.4837",Dickeya.zeae,15,TSB,OD_595
36,gompertz,25,25,0.6956340139062929,0.38855968378978795,-98.1046079903349,-94.4479805157303,"0.515766,0.104962,18.2593",Dickeya.zeae,15,TSB,OD_595
37,quadratic,23,23,0.6315078253605563,0.2781632943303958,-95.54594677174144,-92.13946412395399,"0.208231,0.00290279,-5.59682e-06",Pectobacterium.carotovorum.subsp..Carotovorum.Pcc2,15,TSB,OD_595
37,cubic,23,23,0.6315078253605563,0.08791339677354741,-120.03863772929151,-115.49666086557491,"-0.0151552,0.00870081,-3.55741e-05,4.10137e-08",Pectobacterium.carotovorum.subsp..Carotovorum.Pcc2,15,TSB,OD_595
37,logistic,23,23,0.6315078253605563,0.08223262873876915,-123.57503855127425,-120.1685559034868,"0.512298,0.263775,37.6392",Pectobacterium.carotovorum.subsp..Carotovorum.Pcc2,15,TSB,OD_595
37,gompertz,23,23,0.6315078253605563,0.08209076391481311,-123.61475160379763,-120.20826895601019,"0.512565,0.157951,32.0223",Pectobacterium.carotovorum.subsp..Carotovorum.Pcc2,15,TSB,OD_595
38,quadratic,23,23,0.6370482297732257,0.41270010393632195,-86.4721510450851,-83.06566839729766,"0.162193,0.0031227,-6.87949e-06",Pantoea.agglomerans..RDA.R.,15,TSB,OD_595
38,cubic,23,23,0.6370482297732257,0.07674549829666864,-123.16335957842315,-118.62138271470656,"0.000712795,0.00927222,-4.18605e-05,4.99477e-08",Pantoea.agglomerans..RDA.R.,15,TSB,OD_595
38,logistic,23,23,0.6370482297732257,0.3728229671435689,-88.80935355761271,-85.40287090982525,"0.417606,0.244997,23.8513",Pantoea.agglomerans..RDA.R.,15,TSB,OD_595
38,gompertz,23,23,0.6370482297732257,0.37304252686185674,-88.79581258083587,-85.38932993304843,"0.417528,0.776724,22.5343",Pantoea.agglomerans..RDA.R.,15,TSB,OD_595
39,quadratic,23,22,0.7422694380292526,0.3711351723758891,-88.91371251060711,-85.50722986281966,"0.218388,0.00403137,-8.84427e-06",Dickeya.zeae..RDA.R.,15,TSB,OD_595
39,cubic,23,22,0.7422694380292526,0.04038316709314136,-137.93123841623589,-133.3892615525193,"0.0212008,0.0104726,-4.42105e-05,4.98551e-08",Dickeya.zeae..RDA.R.,15,TSB,OD_595
39,logistic,23,22,0.7422694380292526,0.4811754751684937,-82.94140199615244,-79.53491934836498,"0.537793,0.142033,25.6311",Dickeya.zeae..RDA.R.,15,TSB,OD_595
39,gompertz,23,22,0.7422694380292526,0.4826003886028597,-82.87339233933989,-79.46690969155244,"0.538375,0.100505,21.277",Dickeya.zeae..RDA.R.,15,TSB,OD_595
40,quadratic,21,21,0.13925789068514188,0.013326728271914235,-148.6126271257508,-145.47905981258054,"0.0765166,0.000604499,-1.33384e-06",Acinetobacter.clacoaceticus..RDA.R.,15,TSB,OD_595
40,cubic,21,21,0.13925789068514188,0.0044350672423195394,-169.71743372568554,-165.53934397479185,"0.0317005,0.00183227,-7.80703e-06,8.93974e-09",Acinetobacter.clacoaceticus..RDA.R.,15,TSB,OD_595
40,logistic,21,21,0.13925789068514188,0.014314998147942388,-147.11036805822022,-143.97680074504996,"0.12589,0.0754398,25.4478",Acinetobacter.clacoaceticus..RDA.R.,15,TSB,OD_595
40,gompertz,21,21,0.13925789068514188,0.014732762775073047,-146.50628279698665,-143.3727154838164,"0.125696,0.0579314,16.0602",Acinetobacter.clacoaceticus..RDA.R.,15,TSB,OD_595
41,quadratic,22,22,0.2222324865280994,0.01999249750095993,-148.07569439053947,-144.80256703046453,"0.0267579,0.00146152,-2.52866e-06",Stenotrophomonas.maltophilia..RDA.R.,15,TSB,OD_595
41,cubic,22,22,0.2222324865280994,0.005567613354869627,-174.20028755051243,-169.83611773707918,"-0.0326533,0.00305101,-1.08419e-05,1.14309e-08",Stenotrophomonas.maltophilia..RDA.R.,15,TSB,OD_595
41,logistic,22,22,0.2222324865280994,0.003478719973860996,-186.54693325606038,-183.27380589598545,"0.208677,0.0804153,58.2419",Stenotrophomonas.maltophilia..RDA.R.,15,TSB,OD_595
41,gompertz,22,22,0.2222324865280994,0.00396683594720743,-183.65823681277186,-180.38510945269692,"0.20863,0.066048,51.2803",Stenotrophomonas.maltophilia..RDA.R.,15,TSB,OD_595
42,quadratic,32,29,0.7582817551963055,0.58245548966462,-122.19962917934484,-117.80242147094566,"0.215491,0.00446795,-7.83944e-06",Klebsiella.pneumonia..RDA.R.,15,TSB,OD_595
42,cubic,32,29,0.7582817551963055,0.28547935712091,-143.0182867073576,-137.15534309615867,"0.156593,0.00912676,-3.69897e-05,4.32606e-08",Klebsiella.pneumonia..RDA.R.,15,TSB,OD_595
42,logistic,32,29,0.7582817551963055,0.024712299754211055,-223.31808308269447,-218.9208753742953,"0.738033,0.263004,9.68718",Klebsiella.pneumonia..RDA.R.,15,TSB,OD_595
42,gompertz,32,29,0.7582817551963055,0.017622072707440643,-234.13884590075804,-229.74163819235886,"0.741582,0.138443,7.66708",Klebsiella.pneumonia..RDA.R.,15,TSB,OD_595
43,quadratic,21,21,0.2158214010777518,0.0004978568491840591,-217.64412863987795,-214.5105613267077,"-0.0148332,0.00121357,-1.57438e-06",Bacillus.pumilus..RDA.R.,15,TSB,OD_595
43,cubic,21,21,0.2158214010777518,0.00047607515046711106,-216.58360277049107,-212.40551301959738,"-0.0124425,0.0011506,-1.24694e-06,-4.48625e-10",Bacillus.pumilus..RDA.R.,15,TSB,OD_595
43,logistic,21,21,0.2158214010777518,0.0014879059668457414,-194.6530675089277,-191.51950019575744,"0.214747,0.0190453,128.099",Bacillus.pumilus..RDA.R.,15,TSB,OD_595
43,gompertz,21,21,0.2158214010777518,0.0010838527011032698,-201.306869857759,-198.17330254458875,"0.219168,0.012909,95.3484",Bacillus.pumilus..RDA.R.,15,TSB,OD_595
44,quadratic,23,23,0.5290962278675901,0.08768915197966692,-122.0973798500574,-118.69089720226995,"0.0334305,0.00385749,-8.01047e-06",Clavibacter.michiganensis..RDA.R.,15,TSB,OD_595
44,cubic,23,23,0.5290962278675901,0.021147881361663942,-152.80932462862364,-148.26734776490704,"-0.0408467,0.00663609,-2.37487e-05,2.24275e-08",Clavibacter.michiganensis..RDA.R.,15,TSB,OD_595
44,logistic,23,23,0.5290962278675901,0.29901183005132226,-93.8836262090278,-90.47714356124035,"0.379848,0.0580712,51.986",Clavibacter.michiganensis..RDA.R.,15,TSB,OD_595
44,gompertz,23,23,0.5290962278675901,0.3045855423059128,-93.45884296232194,-90.0523603145345,"0.379251,0.0425987,38.7785",Clavibacter.michiganensis..RDA.R.,15,TSB,OD_595
45,quadratic,12,12,0.3430851063829788,0.0023640360657425576,-96.38749887727661,-94.93277892791261,"0.00076747,0.00426331,-1.4416e-05",Chryseobacterium.balustinum,25,TSB,OD_595
45,cubic,12,12,0.3430851063829788,0.0020827652429143114,-95.90758569131137,-93.96795909215936,"0.0084704,0.00354168,-4.13307e-06,-3.69484e-08",Chryseobacterium.balustinum,25,TSB,OD_595
45,logistic,12,12,0.3430851063829788,0.004709187485674236,-88.11775852767008,-86.66303857830607,"0.311713,0.0454364,46.9127",Chryseobacterium.balustinum,25,TSB,OD_595
45,gompertz,12,12,0.3430851063829788,0.004130957657074047,-89.68983204540763,-88.23511209604362,"0.31719,0.030645,32.2239",Chryseobacterium.balustinum,25,TSB,OD_595
46,quadratic,17,17,0.9228723404255318,0.012809266733013396,-116.24359575903182,-113.74395572686316,"-0.0349138,0.00920922,-2.07897e-05",Enterobacter.sp.,25,TSB,OD_595
46,cubic,17,17,0.9228723404255318,0.012790291599350237,-114.26879754784102,-110.93594417161616,"-0.0364526,0.00930907,-2.1785e-05,2.46355e-09",Enterobacter.sp.,25,TSB,OD_595
46,logistic,17,17,0.9228723404255318,0.006875560295798406,-126.82092324900839,-124.32128321683973,"0.952461,0.036026,73.1256",Enterobacter.sp.,25,TSB,OD_595
46,gompertz,17,17,0.9228723404255318,0.004786479509101024,-132.9779486265533,-130.47830859438466,"0.974067,0.0234689,53.6465",Enterobacter.sp.,25,TSB,OD_595
47,quadratic,15,15,0.7393617021276595,0.11049349098790837,-67.66273298922472,-65.53858238591809,"-0.0952045,0.0116334,-4.6607e-05",Pantoea.agglomerans.1,25,TSB,OD_595
47,cubic,15,15,0.7393617021276595,0.059580466919345,-74.9271654397436,-72.09496463533476,"-0.00596356,0.00426459,5.72871e-05,-3.70016e-07",Pantoea.agglomerans.1,25,TSB,OD_595
47,logistic,15,15,0.7393617021276595,0.16830895859469577,-61.35006225583861,-59.22591165253198,"0.563215,0.0622961,47.2471",Pantoea.agglomerans.1,25,TSB,OD_595
47,gompertz,15,15,0.7393617021276595,0.17225083661283333,-61.002805698507316,-58.878655095200685,"0.563794,0.040622,35.997",Pantoea.agglomerans.1,25,TSB,OD_595
48,quadratic,15,15,0.8510638297872338,0.252956451588291,-55.238822014231374,-53.11467141092474,"-0.0763746,0.0111066,-4.96031e-05",Pantoea.agglomerans.2,25,TSB,OD_595
48,cubic,15,15,0.8510638297872338,0.2061327457295922,-56.30927683125407,-53.477076026845225,"-0.00483204,0.00414856,6.08002e-05,-4.37679e-07",Pantoea.agglomerans.2,25,TSB,OD_595
48,logistic,15,15,0.8510638297872338,0.31111255933393456,-52.1347605939926,-50.01060999068597,"0.478065,0.0710709,41.3756",Pantoea.agglomerans.2,25,TSB,OD_595
48,gompertz,15,15,0.8510638297872338,0.311859413702897,-52.0987948639552,-49.97464426064857,"0.479971,0.0463596,31.3756",Pantoea.agglomerans.2,25,TSB,OD_595
49,quadratic,14,14,0.28191489361702193,0.00046658073823426763,-138.32791533935426,-136.41074335050848,"-0.00541131,0.00424141,-1.60995e-05",Bacillus.pumilus,25,TSB,OD_595
49,cubic,14,14,0.28191489361702193,0.0004664553195545151,-136.33167909856263,-133.7754497801016,"-0.00554536,0.00425618,-1.63248e-05,8.52782e-10",Bacillus.pumilus,25,TSB,OD_595
49,logistic,14,14,0.28191489361702193,0.0028089863925188524,-113.19584466623309,-111.2786726773873,"0.258597,0.0646418,37.8912",Bacillus.pumilus,25,TSB,OD_595
49,gompertz,14,14,0.28191489361702193,0.001881562111125688,-118.80594373235874,-116.88877174351296,"0.262028,0.0420356,27.1474",Bacillus.pumilus,25,TSB,OD_595
50,quadratic,15,15,0.7811435656773347,0.01279049271274025,-100.00655012934682,-97.88239952604019,"0.00593432,0.0179453,-0.000103046",Clavibacter.michiganensis,25,TSB,OD_595
50,cubic,15,15,0.7811435656773347,0.004761642612318829,-112.82819177122164,-109.9959909668128,"-0.0201433,0.0225777,-0.000193114,4.22934e-07",Clavibacter.michiganensis,25,TSB,OD_595
50,logistic,15,15,0.7811435656773347,0.06318239056458874,-76.04669772094968,-73.92254711764305,"0.661868,0.129873,19.2033",Clavibacter.michiganensis,25,TSB,OD_595
50,gompertz,15,15,0.7811435656773347,0.06042359494882835,-76.71638709865888,-74.59223649535225,"0.664118,0.0861519,13.4304",Clavibacter.michiganensis,25,TSB,OD_595
51,quadratic,13,13,0.24268202721579618,0.004008050926899321,-99.09719436358516,-97.40234629120054,"0.0137751,0.00576708,-3.63665e-05",Pseudomonas.fluorescens.1,25,TSB,OD_595
51,cubic,13,13,0.24268202721579618,0.0009207107565034827,-116.21908176909213,-113.95928433924598,"-0.00417803,0.00871477,-9.30705e-05,2.6513e-07",Pseudomonas.fluorescens.1,25,TSB,OD_595
51,logistic,13,13,0.24268202721579618,0.013541912060828722,-83.26989712174337,-81.57504904935875,"0.188889,0.172801,13.2679",Pseudomonas.fluorescens.1,25,TSB,OD_595
51,gompertz,13,13,0.24268202721579618,0.013289238145484656,-83.51475117985233,-81.81990310746771,"0.1894,0.121818,9.44979",Pseudomonas.fluorescens.1,25,TSB,OD_595
52,quadratic,12,12,0.2948430200011509,0.009411096479778858,-79.80926950963888,-78.35454956027488,"0.0239802,0.00594844,-2.88233e-05",Pseudomonas.fluorescens.2,25,TSB,OD_595
52,cubic,12,12,0.2948430200011509,0.0036655905668977464,-89.12406963363082,-87.18444303447882,"-0.00348019,0.0101541,-0.00010863,3.70783e-07",Pseudomonas.fluorescens.2,25,TSB,OD_595
52,logistic,12,12,0.2948430200011509,0.0018411230801796859,-99.38743408423404,-97.93271413487004,"0.292112,0.167038,16.0621",Pseudomonas.fluorescens.2,25,TSB,OD_595
52,gompertz,12,12,0.2948430200011509,0.001689693478455782,-100.41737747976188,-98.96265753039788,"0.294986,0.101126,12.1723",Pseudomonas.fluorescens.2,25,TSB,OD_595
53,quadratic,13,13,0.1741821396993811,0.009907406972658801,-87.33248573991044,-85.63763766752582,"0.0498128,0.00425416,-3.02018e-05",Acinetobacter.clacoaceticus.1,25,TSB,OD_595
53,cubic,13,13,0.1741821396993811,0.0022142245750096314,-104.81143085213245,-102.5516334222863,"0.0235099,0.00885098,-0.00011955,4.1998e-07",Acinetobacter.clacoaceticus.1,25,TSB,OD_595
53,logistic,13,13,0.1741821396993811,0.016088972309038607,-81.0294171355396,-79.33456906315499,"0.149655,0.32182,6.22943",Acinetobacter.clacoaceticus.1,25,TSB,OD_595
53,gompertz,13,13,0.1741821396993811,0.04169925439974499,-68.64887804271049,-66.95402997032588,"0.233618,0.00539254,1.10454",Acinetobacter.clacoaceticus.1,25,TSB,OD_595
54,quadratic,14,14,0.39653864465127514,0.03748822414904743,-76.91900046679969,-75.00182847795391,"0.0255397,0.00700752,-4.91683e-05",Acinetobacter.clacoaceticus.2,25,TSB,OD_595
54,cubic,14,14,0.39653864465127514,0.03203246481789982,-77.12087772330167,-74.56464840484064,"0.00430685,0.0108274,-0.00012373,3.51145e-07",Acinetobacter.clacoaceticus.2,25,TSB,OD_595
54,logistic,14,14,0.39653864465127514,0.07464643438546918,-67.2766979025297,-65.35952591368392,"0.185952,0.306461,8.10336",Acinetobacter.clacoaceticus.2,25,TSB,OD_595
54,gompertz,14,14,0.39653864465127514,0.07466953560095693,-67.27236592090125,-65.35519393205547,"0.186594,0.190992,6.07087",Acinetobacter.clacoaceticus.2,25,TSB,OD_595
55,quadratic,14,14,0.22340425531914931,0.006296192984998486,-101.89614424331437,-99.97897225446859,"0.036922,0.00557349,-3.52356e-05",Stenotrophomonas.maltophilia.1,25,TSB,OD_595
55,cubic,14,14,0.22340425531914931,0.003187366533152437,-109.42664599318354,-106.8704166747225,"0.0191333,0.00858372,-9.32863e-05,2.71802e-07",Stenotrophomonas.maltophilia.1,25,TSB,OD_595
55,logistic,14,14,0.22340425531914931,0.010177319850440597,-95.17311271376931,-93.25594072492353,"0.203757,0.241328,9.25239",Stenotrophomonas.maltophilia.1,25,TSB,OD_595
55,gompertz,14,14,0.22340425531914931,0.010417313996597701,-94.84680731076776,-92.92963532192198,"0.204488,0.156683,6.7572",Stenotrophomonas.maltophilia.1,25,TSB,OD_595
56,quadratic,16,16,0.5478723404255316,0.011322099740517996,-110.0573992992459,-107.73963313252656,"0.00705311,0.0110283,-5.3671e-05",Stenotrophomonas.maltophilia.2,25,TSB,OD_595
56,cubic,16,16,0.5478723404255316,0.006318246609177361,-117.39043626899488,-114.30008138003575,"-0.0117869,0.0145971,-0.000124065,3.33589e-07",Stenotrophomonas.maltophilia.2,25,TSB,OD_595
56,logistic,16,16,0.5478723404255316,0.007294202845711034,-117.09222558849488,-114.77445942177555,"0.51146,0.132376,20.9837",Stenotrophomonas.maltophilia.2,25,TSB,OD_595
56,gompertz,16,16,0.5478723404255316,0.004181036735223924,-125.99655620251161,-123.67879003579228,"0.521581,0.0734789,16.2919",Stenotrophomonas.maltophilia.2,25,TSB,OD_595
57,quadratic,16,16,0.8909574468085106,0.8262728620246407,-41.4147030530795,-39.096936886360155,"0.409674,0.0158324,-9.32876e-05",Klebsiella.pneumonia,25,TSB,OD_595
57,cubic,16,16,0.8909574468085106,0.5731730783171094,-45.26650037947499,-42.176145490515864,"0.269003,0.0417067,-0.000600314,2.3937e-06",Klebsiella.pneumonia,25,TSB,OD_595
57,logistic,16,16,0.8909574468085106,0.00932849549416465,-113.15632406416522,-110.83855789744588,"0.911357,0.815194,4.8474",Klebsiella.pneumonia,25,TSB,OD_595
57,gompertz,16,16,0.8909574468085106,0.012649396650955321,-108.28375172420021,-105.96598555748088,"0.921034,0.556464,4.10407",Klebsiella.pneumonia,25,TSB,OD_595
58,quadratic,16,16,0.7792553191489361,0.21908368149507235,-62.654243793702065,-60.33647762698272,"0.0574703,0.0207596,-0.000134446",Dickeya.zeae,25,TSB,OD_595
58,cubic,16,16,0.7792553191489361,0.0727152980556002,-78.3006753863111,-75.21032049735197,"-0.0505038,0.0403493,-0.000517809,1.80843e-06",Dickeya.zeae,25,TSB,OD_595
58,logistic,16,16,0.7792553191489361,0.14980619338819054,-68.73602538580816,-66.41825921908882,"0.660863,0.499165,8.98459",Dickeya.zeae,25,TSB,OD_595
58,gompertz,16,16,0.7792553191489361,0.1527891016940594,-68.42056721639892,-66.10280104967958,"0.661042,0.298432,7.71655",Dickeya.zeae,25,TSB,OD_595
59,quadratic,17,17,0.7074468085106383,0.08496022385273018,-84.07935232269487,-81.57971229052623,"-0.0799075,0.014213,-7.17239e-05",Pectobacterium.carotovorum.subsp..Carotovorum.Pcc2,25,TSB,OD_595
59,cubic,17,17,0.7074468085106383,0.057792020271317204,-88.63000454616875,-85.29715116994389,"-0.0371538,0.0061514,8.77391e-05,-7.56549e-07",Pectobacterium.carotovorum.subsp..Carotovorum.Pcc2,25,TSB,OD_595
59,logistic,17,17,0.7074468085106383,0.03593892696315907,-98.7055091739582,-96.20586914178955,"0.590427,0.32552,43.9476",Pectobacterium.carotovorum.subsp..Carotovorum.Pcc2,25,TSB,OD_595
59,gompertz,17,17,0.7074468085106383,0.03593962475550503,-98.70517910415023,-96.20553907198158,"0.590426,0.654554,45.7036",Pectobacterium.carotovorum.subsp..Carotovorum.Pcc2,25,TSB,OD_595
60,quadratic,16,16,0.6728723404255317,0.20235770686343668,-63.9249127012482,-61.60714653452886,"0.0256104,0.0167048,-0.000107537",Pantoea.agglomerans..RDA.R.,25,TSB,OD_595
60,cubic,16,16,0.6728723404255317,0.051772237051798335,-83.73583935820253,-80.6454844692434,"-0.0803592,0.0363045,-0.000491589,1.81062e-06",Pantoea.agglomerans..RDA.R.,25,TSB,OD_595
60,logistic,16,16,0.6728723404255317,0.11777025682254405,-72.58573201052894,-70.2679658438096,"0.529702,0.518409,9.81473",Pantoea.agglomerans..RDA.R.,25,TSB,OD_595
60,gompertz,16,16,0.6728723404255317,0.12043104737096133,-72.22826612895989,-69.91049996224055,"0.529339,0.316881,8.60723",Pantoea.agglomerans..RDA.R.,25,TSB,OD_595
61,quadratic,15,15,0.7798408488063656,0.1978721865559399,-58.922762704108194,-56.79861210080156,"0.0793817,0.0188255,-0.000109658",Dickeya.zeae..RDA.R.,25,TSB,OD_595
61,cubic,15,15,0.7798408488063656,0.0654788334913999,-73.51117813706972,-70.67897733266088,"-0.0306431,0.0380454,-0.000483183,1.75641e-06",Dickeya.zeae..RDA.R.,25,TSB,OD_595
61,logistic,15,15,0.7798408488063656,0.020544462339953568,-92.89821071947028,-90.77406011616365,"0.732803,0.485749,9.09137",Dickeya.zeae..RDA.R.,25,TSB,OD_595
61,gompertz,15,15,0.7798408488063656,0.023788448968149523,-90.69908032040969,-88.57492971710306,"0.734455,0.27258,7.85997",Dickeya.zeae..RDA.R.,25,TSB,OD_595
62,quadratic,14,14,0.1299734748010616,0.002704212538153362,-113.72802592964538,-111.8108539407996,"0.0322626,0.00294103,-1.94246e-05",Acinetobacter.clacoaceticus..RDA.R.,25,TSB,OD_595
62,cubic,14,14,0.1299734748010616,0.000898471572042546,-127.15421949691341,-124.59799017845238,"0.0188889,0.00520562,-6.31909e-05,2.05186e-07",Acinetobacter.clacoaceticus..RDA.R.,25,TSB,OD_595
62,logistic,14,14,0.1299734748010616,0.004246442754942915,-107.41023364967995,-105.49306166083417,"0.112315,0.259165,7.1854",Acinetobacter.clacoaceticus..RDA.R.,25,TSB,OD_595
62,gompertz,14,14,0.1299734748010616,0.0042528439056028575,-107.38914573259645,-105.47197374375067,"0.112489,0.177609,4.91702",Acinetobacter.clacoaceticus..RDA.R.,25,TSB,OD_595
63,quadratic,13,13,0.222811671087534,0.007589441778780337,-90.79730573075688,-89.10245765837226,"0.00665099,0.0052332,-2.81857e-05",Stenotrophomonas.maltophilia..RDA.R.,25,TSB,OD_595
63,cubic,13,13,0.222811671087534,0.00457463473220468,-95.37831115116478,-93.11851372131864,"-0.010594,0.0081403,-8.42355e-05,2.62292e-07",Stenotrophomonas.maltophilia..RDA.R.,25,TSB,OD_595
63,logistic,13,13,0.222811671087534,0.0017546282310162721,-109.83581926988026,-108.14097119749565,"0.212334,0.23423,14.7438",Stenotrophomonas.maltophilia..RDA.R.,25,TSB,OD_595
63,gompertz,13,13,0.222811671087534,0.0023409201137817187,-106.08808745346457,-104.39323938107995,"0.213749,0.143257,11.7259",Stenotrophomonas.maltophilia..RDA.R.,25,TSB,OD_595
64,quadratic,16,16,0.8328912466843493,0.6258127107576414,-45.86068574367254,-43.542919576953196,"0.338634,0.0155575,-9.19399e-05",Klebsiella.pneumonia..RDA.R.,25,TSB,OD_595
64,cubic,16,16,0.8328912466843493,0.3943292658851555,-51.25052385137363,-48.1601689624145,"0.206787,0.0400888,-0.000572298,2.2642e-06",Klebsiella.pneumonia..RDA.R.,25,TSB,OD_595
64,logistic,16,16,0.8328912466843493,0.006562207534327936,-118.78427104791882,-116.46650488119948,"0.841465,0.650777,5.2348",Klebsiella.pneumonia..RDA.R.,25,TSB,OD_595
64,gompertz,16,16,0.8328912466843493,0.009374720686507885,-113.07723557197498,-110.75946940525564,"0.847957,0.440515,4.23968",Klebsiella.pneumonia..RDA.R.,25,TSB,OD_595
65,quadratic,15,15,0.2970822281167112,0.0005687688923977429,-146.70129857925576,-144.57714797594915,"-0.00237692,0.00424351,-1.48053e-05",Bacillus.pumilus..RDA.R.,25,TSB,OD_595
65,cubic,15,15,0.2970822281167112,0.000473698221024709,-147.44485456949727,-144.61265376508842,"0.000402268,0.00374737,-5.11712e-06,-4.56184e-08",Bacillus.pumilus..RDA.R.,25,TSB,OD_595
65,logistic,15,15,0.2970822281167112,0.0020723632603579243,-127.30673778522115,-125.18258718191451,"0.295484,0.05698,46.5535",Bacillus.pumilus..RDA.R.,25,TSB,OD_595
65,gompertz,15,15,0.2970822281167112,0.001168125775519715,-135.90607375433353,-133.78192315102692,"0.308822,0.0333875,34.2784",Bacillus.pumilus..RDA.R.,25,TSB,OD_595
66,quadratic,16,16,0.5570291777188325,0.011531344027279808,-109.76440169419386,-107.44663552747453,"-0.00124464,0.0140988,-8.74404e-05",Clavibacter.michiganensis..RDA.R.,25,TSB,OD_595
66,cubic,16,16,0.5570291777188325,0.005316358720329893,-120.15288613244388,-117.06253124348476,"-0.0230899,0.0180912,-0.000165559,3.68073e-07",Clavibacter.michiganensis..RDA.R.,25,TSB,OD_595
66,logistic,16,16,0.5570291777188325,0.07615094053713814,-79.56202513352889,-77.24425896680955,"0.448459,0.137893,17.9273",Clavibacter.michiganensis..RDA.R.,25,TSB,OD_595
66,gompertz,16,16,0.5570291777188325,0.07541911532507231,-79.71653183101328,-77.39876566429395,"0.446995,0.0980036,12.1149",Clavibacter.michiganensis..RDA.R.,25,TSB,OD_595
67,quadratic,15,15,0.3492952618713267,0.00406609936893077,-117.19681989281177,-115.07266928950514,"0.0206627,0.00617935,-3.05046e-05",Chryseobacterium.balustinum,35,TSB,OD_595
67,cubic,15,15,0.3492952618713267,0.003648642375717535,-116.8217550030911,-113.98955419868226,"0.0155949,0.00718598,-5.04341e-05,9.444e-08",Chryseobacterium.balustinum,35,TSB,OD_595
67,logistic,15,15,0.3492952618713267,0.008041100434163562,-106.96859304507697,-104.84444244177034,"0.309896,0.0761362,25.9466",Chryseobacterium.balustinum,35,TSB,OD_595
67,gompertz,15,15,0.3492952618713267,0.006819236262797409,-109.44086999140234,-107.3167193880957,"0.312335,0.0524742,16.4264",Chryseobacterium.balustinum,35,TSB,OD_595
68,quadratic,17,17,0.9297394289280697,0.9064731039003482,-43.83392348040958,-41.33428344824093,"0.357937,0.0172741,-9.81345e-05",Enterobacter.sp.,35,TSB,OD_595
68,cubic,17,17,0.9297394289280697,0.5816535408674984,-49.376591933862635,-46.04373855763777,"0.22346,0.0446657,-0.000644144,2.5963e-06",Enterobacter.sp.,35,TSB,OD_595
68,logistic,17,17,0.9297394289280697,0.017568412853214425,-110.8727229807393,-108.37308294857064,"0.92465,0.697876,4.89831",Enterobacter.sp.,35,TSB,OD_595
68,gompertz,17,17,0.9297394289280697,0.011091108228155762,-118.6920232365391,-116.19238320437046,"0.935022,0.478356,4.02751",Enterobacter.sp.,35,TSB,OD_595
69,quadratic,16,16,0.7462630675612419,0.2565624684694232,-60.12754919154334,-57.80978302482399,"0.0544401,0.0176945,-0.000116201",Pantoea.agglomerans.1,35,TSB,OD_595
69,cubic,16,16,0.7462630675612419,0.048329270243739085,-84.83690583881061,-81.74655094985148,"-0.0722443,0.0407502,-0.000567175,2.1243e-06",Pantoea.agglomerans.1,35,TSB,OD_595
69,logistic,16,16,0.7462630675612419,0.16312922063737928,-67.37282159744913,-65.0550554307298,"0.565003,0.522376,9.06499",Pantoea.agglomerans.1,35,TSB,OD_595
69,gompertz,16,16,0.7462630675612419,0.16599958596360126,-67.09373931301855,-64.77597314629921,"0.564772,0.314293,7.83659",Pantoea.agglomerans.1,35,TSB,OD_595
70,quadratic,15,15,0.8519165756488267,0.434090369720704,-47.1382911374532,-45.01414053414657,"0.105337,0.0144669,-0.000102047",Pantoea.agglomerans.2,35,TSB,OD_595
70,cubic,15,15,0.8519165756488267,0.12584853902985674,-63.71089551087351,-60.87869470646467,"-0.0547158,0.0425705,-0.000649935,2.57854e-06",Pantoea.agglomerans.2,35,TSB,OD_595
70,logistic,15,15,0.8519165756488267,0.30647823531582175,-52.35988106427411,-50.23573046096748,"0.481435,0.754806,7.99563",Pantoea.agglomerans.2,35,TSB,OD_595
70,gompertz,15,15,0.8519165756488267,0.3091045547224563,-52.231888434322,-50.10773783101537,"0.481901,0.506382,7.15059",Pantoea.agglomerans.2,35,TSB,OD_595
71,quadratic,15,15,0.28562438237894633,0.003954765641780588,-117.61326205211105,-115.48911144880442,"0.00719723,0.00579011,-2.95858e-05",Bacillus.pumilus,35,TSB,OD_595
71,cubic,15,15,0.28562438237894633,0.00154363799655189,-129.72495271244742,-126.89275190803858,"-0.00848052,0.00837992,-7.9575e-05,2.3441e-07",Bacillus.pumilus,35,TSB,OD_595
71,logistic,15,15,0.28562438237894633,0.0044390618374007184,-115.88043635774216,-113.75628575443552,"0.255565,0.127062,19.3884",Bacillus.pumilus,35,TSB,OD_595
71,gompertz,15,15,0.28562438237894633,0.00295317217576213,-121.99388360476084,-119.86973300145421,"0.257828,0.0818548,13.9403",Bacillus.pumilus,35,TSB,OD_595
72,quadratic,17,17,0.7647058823529411,0.14223270893549136,-75.3195698951006,-72.81992986293196,"0.0812471,0.0170427,-9.17931e-05",Clavibacter.michiganensis,35,TSB,OD_595
72,cubic,17,17,0.7647058823529411,0.03959018612414489,-95.06058513087152,-91.72773175464665,"0.00410415,0.0325656,-0.000399726,1.45963e-06",Clavibacter.michiganensis,35,TSB,OD_595
72,logistic,17,17,0.7647058823529411,0.0056729564375746395,-130.0893898016748,-127.58974976950614,"0.738896,0.293715,10.3139",Clavibacter.michiganensis,35,TSB,OD_595
72,gompertz,17,17,0.7647058823529411,0.003385413046497961,-138.8653759258258,-136.36573589365713,"0.745655,0.162756,8.37249",Clavibacter.michiganensis,35,TSB,OD_595
73,quadratic,17,17,0.1871657754010693,0.006132404216359514,-128.76548966550794,-126.26584963333929,"0.0295089,0.004076,-2.2668e-05",Pseudomonas.fluorescens.1,35,TSB,OD_595
73,cubic,17,17,0.1871657754010693,0.0015454837737005514,-150.1957378726028,-146.86288449637792,"0.0135269,0.00731736,-8.70933e-05,3.05535e-07",Pseudomonas.fluorescens.1,35,TSB,OD_595
73,logistic,17,17,0.1871657754010693,0.0011831185244404738,-156.73785250676826,-154.2382124745996,"0.177769,0.257426,9.33379",Pseudomonas.fluorescens.1,35,TSB,OD_595
73,gompertz,17,17,0.1871657754010693,0.0006960706343731416,-165.75563693134131,-163.25599689917266,"0.179946,0.145638,7.15645",Pseudomonas.fluorescens.1,35,TSB,OD_595
74,quadratic,15,15,0.24866310160427768,0.030200139520075962,-87.11938403766194,-84.99523343435531,"0.0731418,0.00515582,-3.33404e-05",Pseudomonas.fluorescens.2,35,TSB,OD_595
74,cubic,15,15,0.24866310160427768,0.01069889180520551,-100.68497970380726,-97.85277889939842,"0.0300327,0.0124526,-0.000174338,6.60431e-07",Pseudomonas.fluorescens.2,35,TSB,OD_595
74,logistic,15,15,0.24866310160427768,0.01041869750480676,-103.08305176666377,-100.95890116335714,"0.224009,0.39955,6.9301",Pseudomonas.fluorescens.2,35,TSB,OD_595
74,gompertz,15,15,0.24866310160427768,0.011481190628608667,-101.62643071916011,-99.50228011585348,"0.224169,0.256973,5.26023",Pseudomonas.fluorescens.2,35,TSB,OD_595
75,quadratic,16,16,0.4251336898395723,0.03345694731768088,-92.72135269770399,-90.40358653098465,"0.0786213,0.00611315,-2.61559e-05",Acinetobacter.clacoaceticus.1,35,TSB,OD_595
75,cubic,16,16,0.4251336898395723,0.02062957178677083,-98.4578948988122,-95.36754000985307,"0.0497275,0.0116543,-0.000135557,5.17847e-07",Acinetobacter.clacoaceticus.1,35,TSB,OD_595
75,logistic,16,16,0.4251336898395723,0.029965506343934314,-94.48475311374784,-92.1669869470285,"0.363275,0.312875,8.43647",Acinetobacter.clacoaceticus.1,35,TSB,OD_595
75,gompertz,16,16,0.4251336898395723,0.025681351052749928,-96.95326260313088,-94.63549643641154,"0.379587,0.112141,7.34104",Acinetobacter.clacoaceticus.1,35,TSB,OD_595
76,quadratic,16,16,0.3529411764705881,0.05437184221560863,-84.95196140312231,-82.63419523640297,"0.0556969,0.00930942,-6.71921e-05",Acinetobacter.clacoaceticus.2,35,TSB,OD_595
76,cubic,16,16,0.3529411764705881,0.032735836253670554,-91.06997781586249,-87.97962292690336,"0.0169735,0.0165871,-0.000210605,6.78583e-07",Acinetobacter.clacoaceticus.2,35,TSB,OD_595
76,logistic,16,16,0.3529411764705881,0.09905104789556328,-75.35533837876501,-73.03757221204567,"0.259058,0.494129,7.10782",Acinetobacter.clacoaceticus.2,35,TSB,OD_595
76,gompertz,16,16,0.3529411764705881,0.10182273738978623,-74.91376909617499,-72.59600292945565,"0.25897,0.297338,5.62204",Acinetobacter.clacoaceticus.2,35,TSB,OD_595
77,quadratic,15,15,0.2198391420911527,0.010531566871841863,-102.92142546395219,-100.79727486064556,"0.0497636,0.00472036,-2.82175e-05",Stenotrophomonas.maltophilia.1,35,TSB,OD_595
77,cubic,15,15,0.2198391420911527,0.001213786795309609,-133.33090636789504,-130.4987055634862,"0.0238499,0.00954796,-0.000123035,4.47705e-07",Stenotrophomonas.maltophilia.1,35,TSB,OD_595
77,logistic,15,15,0.2198391420911527,0.0035524061089541557,-119.22270493521076,-117.09855433190413,"0.205929,0.248602,8.29617",Stenotrophomonas.maltophilia.1,35,TSB,OD_595
77,gompertz,15,15,0.2198391420911527,0.0034808026623828533,-119.52813844175392,-117.40398783844729,"0.207389,0.151822,5.92052",Stenotrophomonas.maltophilia.1,35,TSB,OD_595
78,quadratic,16,16,0.2064343163538869,0.019225333361949908,-101.58584233531431,-99.26807616859497,"0.0508942,0.00339423,-2.08535e-05",Stenotrophomonas.maltophilia.2,35,TSB,OD_595
78,cubic,16,16,0.2064343163538869,0.006856342535960601,-116.0827177549862,-112.99236286602708,"0.0222769,0.00892856,-0.000129965,5.15879e-07",Stenotrophomonas.maltophilia.2,35,TSB,OD_595
78,logistic,16,16,0.2064343163538869,0.0060124569689089654,-120.18416836406188,-117.86640219734254,"0.164137,0.288687,7.19079",Stenotrophomonas.maltophilia.2,35,TSB,OD_595
78,gompertz,16,16,0.2064343163538869,0.006562288805373821,-118.78407289376486,-116.46630672704552,"0.163564,0.19556,5.00137",Stenotrophomonas.maltophilia.2,35,TSB,OD_595
79,quadratic,18,18,0.9088471849865947,1.426694959212178,-39.63020170698688,-36.95908643329839,"0.556878,0.013098,-8.07527e-05",Klebsiella.pneumonia,35,TSB,OD_595
79,cubic,18,18,0.9088471849865947,1.0851734990806512,-42.55537378061307,-38.993886749028405,"0.43198,0.0399607,-0.000620727,2.57582e-06",Klebsiella.pneumonia,35,TSB,OD_595
79,logistic,18,18,0.9088471849865947,0.0016125645016205068,-161.76542280574017,-159.0943075320517,"0.920462,1.67268,2.31438",Klebsiella.pneumonia,35,TSB,OD_595
79,gompertz,18,18,0.9088471849865947,1.6687772704317396,-36.80905031456726,-34.137935040878766,"1.70757,0.00523236,0.0075067",Klebsiella.pneumonia,35,TSB,OD_595
80,quadratic,18,18,0.8579088471849861,1.4087987982732697,-39.85741798879981,-37.18630271511132,"0.355813,0.0130784,-0.000102054",Dickeya.zeae,35,TSB,OD_595
80,cubic,18,18,0.8579088471849861,0.8233417593931135,-47.52560191412893,-43.964114882544266,"0.188211,0.0488273,-0.000819386,3.41994e-06",Dickeya.zeae,35,TSB,OD_595
80,logistic,18,18,0.8579088471849861,1.8097626938652367,-35.349168532361354,-32.67805325867286,"0.913562,0.000945356,0.00450439",Dickeya.zeae,35,TSB,OD_595
80,gompertz,18,18,0.8579088471849861,1.8097731927550462,-35.34906411012464,-32.677948836436144,"1.24185,0.000467559,0.00450411",Dickeya.zeae,35,TSB,OD_595
81,quadratic,16,16,0.3475935828877004,0.05292382104269157,-85.3838473671882,-83.06608120046886,"0.0564633,0.00926647,-6.69058e-05",Pectobacterium.carotovorum.subsp..Carotovorum.Pcc2,35,TSB,OD_595
81,cubic,16,16,0.3475935828877004,0.03197120397266259,-91.44813407052521,-88.35777918156609,"0.0173782,0.0164721,-0.000208656,6.70327e-07",Pectobacterium.carotovorum.subsp..Carotovorum.Pcc2,35,TSB,OD_595
81,logistic,16,16,0.3475935828877004,0.09950728566978014,-75.28181019081872,-72.96404402409938,"0.258691,0.457956,7.19615",Pectobacterium.carotovorum.subsp..Carotovorum.Pcc2,35,TSB,OD_595
81,gompertz,16,16,0.3475935828877004,0.1022352879907521,-74.84907359011441,-72.53130742339508,"0.2584,0.276025,5.5803",Pectobacterium.carotovorum.subsp..Carotovorum.Pcc2,35,TSB,OD_595
82,quadratic,17,17,0.6729222520107228,0.7457520048684073,-47.15178369133518,-44.65214365916653,"0.215921,0.00869014,-6.40372e-05",Pantoea.agglomerans..RDA.R.,35,TSB,OD_595
82,cubic,17,17,0.6729222520107228,0.4237954862944532,-54.759199672883376,-51.42634629665851,"0.0795435,0.035894,-0.000603623,2.55658e-06",Pantoea.agglomerans..RDA.R.,35,TSB,OD_595
82,logistic,17,17,0.6729222520107228,0.9012040056085695,-43.93302848558486,-41.433388453416214,"0.563684,0.00452038,0.00300269",Pantoea.agglomerans..RDA.R.,35,TSB,OD_595
82,gompertz,17,17,0.6729222520107228,0.9015998104759054,-43.92556379886434,-41.42592376669569,"0.77013,0.00207759,0.00300277",Pantoea.agglomerans..RDA.R.,35,TSB,OD_595
83,quadratic,18,18,0.7887700534759353,1.319135302218189,-41.04111558053616,-38.370000306847665,"0.365452,0.00928443,-8.33602e-05",Dickeya.zeae..RDA.R.,35,TSB,OD_595
83,cubic,18,18,0.7887700534759353,0.7757199207744132,-48.59803915627504,-45.03655212469039,"0.200953,0.0441903,-0.00078377,3.34346e-06",Dickeya.zeae..RDA.R.,35,TSB,OD_595
83,logistic,18,18,0.7887700534759353,1.6331496786044999,-37.19750320992803,-34.52638793623954,"0.820559,1.59382e-14,24.4721",Dickeya.zeae..RDA.R.,35,TSB,OD_595
83,gompertz,18,18,0.7887700534759353,1.6331496786053195,-37.197503209919,-34.526387936230506,"1.11526,4.30571e-17,28.7511",Dickeya.zeae..RDA.R.,35,TSB,OD_595
84,quadratic,15,15,0.1256684491978605,0.009133948560624426,-105.05711095462124,-102.9329603513146,"0.0480493,0.00239352,-1.60056e-05",Acinetobacter.clacoaceticus..RDA.R.,35,TSB,OD_595
84,cubic,15,15,0.1256684491978605,0.004131428973763103,-114.95773201697837,-112.12553121256953,"0.0278676,0.0060058,-8.65719e-05,3.325e-07",Acinetobacter.clacoaceticus..RDA.R.,35,TSB,OD_595
84,logistic,15,15,0.1256684491978605,0.002810803767420667,-122.73502499117748,-120.61087438787085,"0.112987,0.46056,5.35265",Acinetobacter.clacoaceticus..RDA.R.,35,TSB,OD_595
84,gompertz,15,15,0.1256684491978605,0.0180106788879564,-94.87260939826565,-92.74845879495902,"0.172291,0.00750781,0.558882",Acinetobacter.clacoaceticus..RDA.R.,35,TSB,OD_595
85,quadratic,15,15,0.1577540106951883,0.00836425431007322,-106.3775744049446,-104.25342380163796,"0.0252625,0.00323313,-2.00027e-05",Stenotrophomonas.maltophilia..RDA.R.,35,TSB,OD_595
85,cubic,15,15,0.1577540106951883,0.0029313727594080558,-120.10501972309936,-117.27281891869052,"0.00641631,0.0069083,-9.25415e-05,3.4316e-07",Stenotrophomonas.maltophilia..RDA.R.,35,TSB,OD_595
85,logistic,15,15,0.1577540106951883,0.0034601991199397406,-119.61719015332605,-117.49303955001942,"0.128945,0.276463,8.86609",Stenotrophomonas.maltophilia..RDA.R.,35,TSB,OD_595
85,gompertz,15,15,0.1577540106951883,0.0037107106529749214,-118.56873106712092,-116.44458046381429,"0.128633,0.182955,6.45556",Stenotrophomonas.maltophilia..RDA.R.,35,TSB,OD_595
86,quadratic,18,18,0.8716577540106958,1.280457589626626,-41.57677653516912,-38.905661261480624,"0.509169,0.0130892,-7.82829e-05",Klebsiella.pneumonia..RDA.R.,35,TSB,OD_595
86,cubic,18,18,0.8716577540106958,0.9321550816435896,-45.29130110959236,-41.729814078007706,"0.380053,0.0406575,-0.000631481,2.63834e-06",Klebsiella.pneumonia..RDA.R.,35,TSB,OD_595
86,logistic,18,18,0.8716577540106958,0.00366707982360647,-146.97716483874828,-144.3060495650598,"0.890669,1.2885,2.73006",Klebsiella.pneumonia..RDA.R.,35,TSB,OD_595
86,gompertz,18,18,0.8716577540106958,1.498303477294916,-38.74868949009027,-36.07757421640178,"1.55601,0.00674464,3.77758e-13",Klebsiella.pneumonia..RDA.R.,35,TSB,OD_595
87,quadratic,17,17,0.3716577540106953,0.01612586581219781,-112.32924915631054,-109.82960912414188,"0.0335498,0.00758276,-4.18256e-05",Bacillus.pumilus..RDA.R.,35,TSB,OD_595
87,cubic,17,17,0.3716577540106953,0.005506055606044403,-128.59704199233747,-125.2641886161126,"0.00624277,0.0127151,-0.000142862,4.77748e-07",Bacillus.pumilus..RDA.R.,35,TSB,OD_595
87,logistic,17,17,0.3716577540106953,0.008857611505973485,-122.51475510022146,-120.01511506805281,"0.315435,0.216786,11.5052",Bacillus.pumilus..RDA.R.,35,TSB,OD_595
87,gompertz,17,17,0.3716577540106953,0.0067442723237178225,-127.14867539110367,-124.64903535893501,"0.319666,0.127803,8.89488",Bacillus.pumilus..RDA.R.,35,TSB,OD_595
88,quadratic,17,17,0.6229946524064186,0.14110931193500048,-75.45437410819245,-72.95473407602381,"0.0998973,0.0141536,-8.37217e-05",Clavibacter.michiganensis..RDA.R.,35,TSB,OD_595
88,cubic,17,17,0.6229946524064186,0.04362608671139526,-93.41032665311464,-90.07747327688978,"0.022226,0.0293511,-0.000384523,1.42414e-06",Clavibacter.michiganensis..RDA.R.,35,TSB,OD_595
88,logistic,17,17,0.6229946524064186,0.018789545872289218,-109.73035563432951,-107.23071560216087,"0.576672,0.344831,8.54982",Clavibacter.michiganensis..RDA.R.,35,TSB,OD_595
88,gompertz,17,17,0.6229946524064186,0.019159992955384432,-109.39845170886879,-106.89881167670015,"0.577883,0.209954,6.71209",Clavibacter.michiganensis..RDA.R.,35,TSB,OD_595
89,quadratic,11,11,19553.951576236384,39842348.76479973,172.12800238192708,173.3216882003222,"-1797.23,23.246,-0.00124851",Tetraselmis tetrahele,5,ESAW,N
89,cubic,11,11,19553.951576236384,21431620.059000585,167.30730958458295,168.89889067577644,"522.139,-8.76473,0.0805166,-5.34456e-05",Tetraselmis tetrahele,5,ESAW,N
89,logistic,11,11,19553.951576236384,15470620.893352237,161.722138926886,162.91582474528113,"18102.4,0.0102541,450.052",Tetraselmis tetrahele,5,ESAW,N
89,gompertz,11,11,19553.951576236384,12551332.362898583,159.42186320431352,160.61554902270865,"18931.4,0.00616503,393.908",Tetraselmis tetrahele,5,ESAW,N
90,quadratic,11,11,22128.601532427278,37309355.83394827,171.4054534771247,172.59913929551982,"-1351.51,19.907,0.00249713",Tetraselmis tetrahele,5,ESAW,N
90,cubic,11,11,22128.601532427278,31050782.539640628,171.38563225372,172.97721334491348,"-0.729151,1.24007,0.0502071,-3.11931e-05",Tetraselmis tetrahele,5,ESAW,N
90,logistic,11,11,22128.601532427278,31348679.23411961,169.49066163830616,170.6843474567013,"18908,0.0084637,468.908",Tetraselmis tetrahele,5,ESAW,N
90,gompertz,11,11,22128.601532427278,24535085.40043574,166.79491379007396,167.9885996084691,"20524.4,0.00480665,414.134",Tetraselmis tetrahele,5,ESAW,N
91,quadratic,11,11,20616.22369369098,41646056.9174909,172.61504175192948,173.8087275703246,"-649.437,18.7334,0.00407526",Tetraselmis tetrahele,5,ESAW,N
91,cubic,11,11,20616.22369369098,27180543.918577947,169.92128375950682,171.5128648507003,"1360,-9.37646,0.0761809,-4.72096e-05",Tetraselmis tetrahele,5,ESAW,N
91,logistic,11,11,20616.22369369098,27520869.174739875,168.0581586922842,169.25184451067932,"21855.5,0.00636968,530.676",Tetraselmis tetrahele,5,ESAW,N
91,gompertz,11,11,20616.22369369098,27934859.383926444,168.2223969781401,169.41608279653522,"24697.2,0.00346627,462.426",Tetraselmis tetrahele,5,ESAW,N
92,quadratic,11,11,26760.16929502829,78950400.99145028,179.6507861540143,180.84447197240942,"-1281.6,24.0976,0.00171139",Tetraselmis tetrahele,5,ESAW,N
92,cubic,11,11,26760.16929502829,51605637.25179862,176.97370820827246,178.56528929946595,"1552.56,-15.1365,0.102164,-6.57981e-05",Tetraselmis tetrahele,5,ESAW,N
92,logistic,11,11,26760.16929502829,49060101.01119397,174.4172752121852,175.6109610305803,"23088.7,0.00782978,496.585",Tetraselmis tetrahele,5,ESAW,N
92,gompertz,11,11,26760.16929502829,53177238.751766555,175.30370321645728,176.4973890348524,"25327.7,0.00433241,434.883",Tetraselmis tetrahele,5,ESAW,N
93,quadratic,9,9,20883.362627878178,22431563.402392827,138.55879525317658,139.15046898518523,"-3026.81,31.0947,-0.00857577",Tetraselmis tetrahele,5,ESAW,N
93,cubic,9,9,20883.362627878178,19677238.57598308,139.37973691531303,140.16863522465792,"-1572.71,14.2839,0.0327337,-2.70272e-05",Tetraselmis tetrahele,5,ESAW,N
93,logistic,9,9,20883.362627878178,17605926.480807498,136.37869402069296,136.97036775270163,"17831,0.00874467,439.186",Tetraselmis tetrahele,5,ESAW,N
93,gompertz,9,9,20883.362627878178,17114497.104995195,136.1239068199984,136.71558055200705,"19312.3,0.00481203,379.842",Tetraselmis tetrahele,5,ESAW,N
94,quadratic,11,11,19727.047877745284,25813129.97573138,167.35348417571691,168.54716999411204,"-1710.27,44.8993,-0.0232554",Tetraselmis tetrahele,8,ESAW,N
94,cubic,11,11,19727.047877745284,18018085.17001305,165.39890397356876,166.99048506476225,"-327.032,24.9954,0.0283938,-3.40382e-05",Tetraselmis tetrahele,8,ESAW,N
94,logistic,11,11,19727.047877745284,8375103.613052343,154.97166607959073,156.16535189798586,"19690.4,0.0097121,327.045",Tetraselmis tetrahele,8,ESAW,N
94,gompertz,11,11,19727.047877745284,10901297.935153004,157.87146858324635,159.06515440164148,"20098.9,0.00628268,262.308",Tetraselmis tetrahele,8,ESAW,N
95,quadratic,10,10,22761.9783204753,39973855.342485234,158.0115108894595,158.91926616844162,"-2371.81,54.3651,-0.0300374",Tetraselmis tetrahele,8,ESAW,N
95,cubic,10,10,22761.9783204753,39963237.13907711,160.00885424955905,161.21919462153522,"-2297.31,53.5147,-0.0279685,-1.30651e-06",Tetraselmis tetrahele,8,ESAW,N
95,logistic,10,10,22761.9783204753,34004722.799598,156.39424885810394,157.30200413708607,"21709.3,0.0103785,295.639",Tetraselmis tetrahele,8,ESAW,N
95,gompertz,10,10,22761.9783204753,32110298.285240985,155.82102262509693,156.72877790407907,"22081.2,0.00665064,238.285",Tetraselmis tetrahele,8,ESAW,N
96,quadratic,11,11,23387.828183665275,47091817.22485803,173.96685993052708,175.1605457489222,"-165.575,30.0529,-0.00808656",Tetraselmis tetrahele,8,ESAW,N
96,cubic,11,11,23387.828183665275,43414200.60617633,175.07242063226388,176.66400172345737,"-1169.86,44.0605,-0.0442305,2.37804e-05",Tetraselmis tetrahele,8,ESAW,N
96,logistic,11,11,23387.828183665275,59850932.66792695,176.6041953051972,177.79788112359233,"20609.1,0.00637083,378.361",Tetraselmis tetrahele,8,ESAW,N
96,gompertz,11,11,23387.828183665275,50675208.16984307,174.77357293978727,175.9672587581824,"22495.5,0.00370362,309.126",Tetraselmis tetrahele,8,ESAW,N
97,quadratic,11,11,20782.675857825296,59748436.58489112,176.58534140661138,177.7790272250065,"-2720.15,46.2711,-0.0241149",Tetraselmis tetrahele,8,ESAW,N
97,cubic,11,11,20782.675857825296,43698326.759194106,175.14417606998214,176.73575716117563,"-583.769,16.6745,0.0520659,-5.00768e-05",Tetraselmis tetrahele,8,ESAW,N
97,logistic,11,11,20782.675857825296,25214754.761113375,167.09549076208148,168.2891765804766,"19299.4,0.0112054,346.072",Tetraselmis tetrahele,8,ESAW,N
97,gompertz,11,11,20782.675857825296,28434051.82540176,168.41722992037165,169.61091573876678,"19461,0.00770325,285.908",Tetraselmis tetrahele,8,ESAW,N
98,quadratic,11,11,21574.396842885253,35095879.09896023,170.73268904572961,171.92637486412474,"-1297.9,45.0056,-0.0231621",Tetraselmis tetrahele,8,ESAW,N
98,cubic,11,11,21574.396842885253,34948205.94679065,172.6863066258701,174.27788771706358,"-1499.37,47.8247,-0.0304514,4.80677e-06",Tetraselmis tetrahele,8,ESAW,N
98,logistic,11,11,21574.396842885253,30068808.79678273,169.03214033745348,170.2258261558486,"19820.6,0.00966183,297.652",Tetraselmis tetrahele,8,ESAW,N
98,gompertz,11,11,21574.396842885253,25276532.973034546,167.12240869983833,168.31609451823346,"20212,0.00645015,235.875",Tetraselmis tetrahele,8,ESAW,N
99,quadratic,12,12,19639.15857574292,128870715.00628361,200.27296320884204,201.72768315820605,"2339.01,47.5063,-0.0323199",Tetraselmis tetrahele,16,ESAW,N
99,cubic,12,12,19639.15857574292,69646292.68548189,194.88840055052714,196.82802714967914,"-1927.89,108.491,-0.19443,0.000112262",Tetraselmis tetrahele,16,ESAW,N
99,logistic,12,12,19639.15857574292,41997743.35304153,186.81863754391998,188.27335749328398,"18024.7,0.0349612,158.493",Tetraselmis tetrahele,16,ESAW,N
99,gompertz,12,12,19639.15857574292,46419134.48512173,188.01978796257134,189.47450791193535,"18063,0.0223272,133.208",Tetraselmis tetrahele,16,ESAW,N
100,quadratic,12,12,19667.068931890142,170440510.51138675,203.62788278471078,205.08260273407478,"945.715,47.9675,-0.0341139",Tetraselmis tetrahele,16,ESAW,N
100,cubic,12,12,19667.068931890142,123838941.15410714,201.79502921442747,203.73465581357948,"-2905.8,102.404,-0.178504,9.98725e-05",Tetraselmis tetrahele,16,ESAW,N
100,logistic,12,12,19667.068931890142,60778820.85763898,191.2541435436752,192.70886349303922,"16394.1,0.322288,181.412",Tetraselmis tetrahele,16,ESAW,N
100,gompertz,12,12,19667.068931890142,60778820.850610115,191.25414354228747,192.70886349165147,"16394.1,0.356401,179.643",Tetraselmis tetrahele,16,ESAW,N
101,quadratic,13,13,19328.02656807828,98508321.35341154,211.92912893615113,213.62397700853575,"626.792,60.0401,-0.0476058",Tetraselmis tetrahele,16,ESAW,N
101,cubic,13,13,19328.02656807828,83591744.31901982,211.79457752617915,214.0543749560253,"-1473.76,88.2089,-0.117636,4.52055e-05",Tetraselmis tetrahele,16,ESAW,N
101,logistic,13,13,19328.02656807828,60838137.80745233,205.66411477213958,207.3589628445242,"17108.4,0.0365076,170.281",Tetraselmis tetrahele,16,ESAW,N
101,gompertz,13,13,19328.02656807828,61969380.11739282,205.90362072824027,207.5984688006249,"17057.5,0.0477846,167.51",Tetraselmis tetrahele,16,ESAW,N
102,quadratic,13,13,21154.61834711776,166592727.211706,218.75947257618515,220.45432064856976,"290.674,57.2618,-0.0410676",Tetraselmis tetrahele,16,ESAW,N
102,cubic,13,13,21154.61834711776,110865693.55929902,215.46544911662204,217.72524654646818,"-4703.22,116.018,-0.179455,8.60854e-05",Tetraselmis tetrahele,16,ESAW,N
102,logistic,13,13,21154.61834711776,45987105.856466144,202.02598925299293,203.72083732537754,"18272.7,0.230182,197.941",Tetraselmis tetrahele,16,ESAW,N
102,gompertz,13,13,21154.61834711776,45987099.5247795,202.02598746310136,203.72083553548597,"18273.5,0.262683,196.575",Tetraselmis tetrahele,16,ESAW,N
103,quadratic,13,13,18285.7363329615,91792893.27369526,211.0112490375721,212.70609710995672,"1119.63,57.0867,-0.0437941",Tetraselmis tetrahele,16,ESAW,N
103,cubic,13,13,18285.7363329615,57972803.27379113,207.03695749605657,209.29675492590272,"-2202.77,100.61,-0.15119,6.90592e-05",Tetraselmis tetrahele,16,ESAW,N
103,logistic,13,13,18285.7363329615,24340219.555418544,193.7549870088818,195.44983508126643,"17505.7,0.0433349,170.143",Tetraselmis tetrahele,16,ESAW,N
103,gompertz,13,13,18285.7363329615,24337043.132182203,193.75329038504347,195.4481384574281,"17462.3,0.238762,175.583",Tetraselmis tetrahele,16,ESAW,N
104,quadratic,13,13,13297.41703085627,49920684.95504269,203.09295639181613,204.78780446420075,"3586.41,14.1801,-0.00465792",Tetraselmis tetrahele,25,ESAW,N
104,cubic,13,13,13297.41703085627,47358629.397230506,204.4080332573769,206.66783068722305,"2668.48,26.1601,-0.0341414,1.89197e-05",Tetraselmis tetrahele,25,ESAW,N
104,logistic,13,13,13297.41703085627,51379818.73309199,203.4674866347555,205.1623347071401,"14094.3,0.00333063,277.049",Tetraselmis tetrahele,25,ESAW,N
104,gompertz,13,13,13297.41703085627,50548775.41366278,203.2554989655481,204.95034703793272,"15051,0.00224207,146.09",Tetraselmis tetrahele,25,ESAW,N
105,quadratic,13,13,12726.99770608412,34020746.31353004,198.10791242140374,199.80276049378836,"2977.39,10.9199,-0.00120592",Tetraselmis tetrahele,25,ESAW,N
105,cubic,13,13,12726.99770608412,33977423.76558203,200.0913474697625,202.35114489960864,"3089.22,9.41865,0.00251559,-2.39414e-06",Tetraselmis tetrahele,25,ESAW,N
105,logistic,13,13,12726.99770608412,34117065.0691724,198.1446657198137,199.83951379219832,"15888.5,0.00268258,490.829",Tetraselmis tetrahele,25,ESAW,N
105,gompertz,13,13,12726.99770608412,34162671.08203126,198.16203187524286,199.85687994762748,"19503.5,0.00143161,410.985",Tetraselmis tetrahele,25,ESAW,N
106,quadratic,13,13,12806.62583540087,40474217.49672389,200.3659427694017,202.06079084178631,"3088.7,16.7389,-0.00817535",Tetraselmis tetrahele,25,ESAW,N
106,cubic,13,13,12806.62583540087,39960233.592258826,202.19979799893565,204.4595954287818,"3499.14,11.3758,0.00504284,-8.49338e-06",Tetraselmis tetrahele,25,ESAW,N
106,logistic,13,13,12806.62583540087,41963502.12748439,200.8356987723211,202.53054684470573,"12488.2,0.00382341,223.449",Tetraselmis tetrahele,25,ESAW,N
106,gompertz,13,13,12806.62583540087,41677328.71107235,200.74674057109235,202.44158864347696,"12840.5,0.00281912,97.2686",Tetraselmis tetrahele,25,ESAW,N
107,quadratic,15,14,13426.580385316822,23716252.116507098,220.1043136995176,222.22846430282422,"964.599,30.2394,-0.0196145",Tetraselmis tetrahele,25,ESAW,N
107,cubic,15,14,13426.580385316822,20945890.569406442,220.24104244676772,223.07324325117656,"1916.34,18.0259,0.00992426,-1.88022e-05",Tetraselmis tetrahele,25,ESAW,N
107,logistic,15,14,13426.580385316822,29499492.79130188,223.37750139817257,225.5016520014792,"12590.5,0.00704879,225.849",Tetraselmis tetrahele,25,ESAW,N
107,gompertz,15,14,13426.580385316822,30908541.03629203,224.07739367270008,226.2015442760067,"12783.2,0.00500642,139.861",Tetraselmis tetrahele,25,ESAW,N
108,quadratic,12,12,14042.8177372843,37600900.599615,185.49158292483233,186.94630287419633,"3061.29,25.0178,-0.0164587",Tetraselmis tetrahele,25,ESAW,N
108,cubic,12,12,14042.8177372843,36863125.28361491,187.25378773721158,189.1934143363636,"2607.56,31.2009,-0.0319295,1.00494e-05",Tetraselmis tetrahele,25,ESAW,N
108,logistic,12,12,14042.8177372843,40692105.743576676,186.43965623684954,187.89437618621355,"12147.1,0.00751764,127.642",Tetraselmis tetrahele,25,ESAW,N
108,gompertz,12,12,14042.8177372843,38279586.581142984,185.70624809804474,187.16096804740874,"12187.2,0.00619883,63.4568",Tetraselmis tetrahele,25,ESAW,N
109,quadratic,11,11,4954.91848526109,8526764.244620057,155.1690776008393,156.36276341923443,"148.07,8.47783,-0.00581074",Tetraselmis tetrahele,32,ESAW,N
109,cubic,11,11,4954.91848526109,6377880.138944153,153.97496166755306,155.56654275874655,"998.774,-4.91423,0.0340597,-3.0879e-05",Tetraselmis tetrahele,32,ESAW,N
109,logistic,11,11,4954.91848526109,7713547.573914552,154.06652842557233,155.26021424396745,"3365.17,0.00930786,259.332",Tetraselmis tetrahele,32,ESAW,N
109,gompertz,11,11,4954.91848526109,8189746.868280411,154.72548102653306,155.91916684492818,"3427.33,0.00650827,197.34",Tetraselmis tetrahele,32,ESAW,N
110,quadratic,11,11,5517.828620033862,21367127.274386045,165.27415809245184,166.46784391084697,"395.341,6.08027,-0.00186284",Tetraselmis tetrahele,32,ESAW,N
110,cubic,11,11,5517.828620033862,21307555.351324465,167.24344706947468,168.83502816066817,"533.803,3.87111,0.00474667,-5.13328e-06",Tetraselmis tetrahele,32,ESAW,N
110,logistic,11,11,5517.828620033862,14904337.033277446,161.31194285003969,162.5056286684348,"3607.17,0.349137,255.919",Tetraselmis tetrahele,32,ESAW,N
110,gompertz,11,11,5517.828620033862,14904337.03182806,161.31194284896998,162.5056286673651,"3607.17,0.333422,251.259",Tetraselmis tetrahele,32,ESAW,N
111,quadratic,11,11,6648.331977217279,16212835.299407942,162.2376036774404,163.43128949583553,"-248.551,12.7624,-0.00851306",Tetraselmis tetrahele,32,ESAW,N
111,cubic,11,11,6648.331977217279,13033322.446287196,161.83637090982086,163.42795200101435,"776.835,-3.45663,0.0398924,-3.75461e-05",Tetraselmis tetrahele,32,ESAW,N
111,logistic,11,11,6648.331977217279,13134032.156060973,159.9210422336229,161.11472805201802,"4272.73,0.0465646,251.249",Tetraselmis tetrahele,32,ESAW,N
111,gompertz,11,11,6648.331977217279,13250753.023768606,160.01836634762373,161.21205216601885,"4357.63,0.0184252,229.045",Tetraselmis tetrahele,32,ESAW,N
112,quadratic,12,12,4836.951426440126,9453067.4600011,168.92331835143602,170.37803830080003,"-12.3731,7.74833,-0.00282083",Tetraselmis tetrahele,32,ESAW,N
112,cubic,12,12,4836.951426440126,8602880.949924769,169.79241259418015,171.73203919333216,"516.045,0.91018,0.0141182,-1.09548e-05",Tetraselmis tetrahele,32,ESAW,N
112,logistic,12,12,4836.951426440126,5757344.7539197,162.97296355653305,164.42768350589705,"4058.97,0.0492628,300.3",Tetraselmis tetrahele,32,ESAW,N
112,gompertz,12,12,4836.951426440126,5720355.462995418,162.89561826620937,164.35033821557337,"4076.89,0.0274964,283.308",Tetraselmis tetrahele,32,ESAW,N
113,quadratic,12,12,6408.669108669065,18631829.041085597,177.0657031819516,178.5204231313156,"-2.14266,8.68517,-0.0044979",Tetraselmis tetrahele,32,ESAW,N
113,cubic,12,12,6408.669108669065,14205280.27461875,175.81061184787467,177.75023844702667,"1210.45,-6.99071,0.0342792,-2.50507e-05",Tetraselmis tetrahele,32,ESAW,N
113,logistic,12,12,6408.669108669065,14864713.499479484,174.3551290913332,175.8098490406972,"4176.81,0.0140261,354.846",Tetraselmis tetrahele,32,ESAW,N
113,gompertz,12,12,6408.669108669065,15296513.222243598,174.69874579958255,176.15346574894656,"4138.88,0.0132975,320.3",Tetraselmis tetrahele,32,ESAW,N
114,quadratic,9,9,822.1354552506992,12239.248472230916,70.93660719765788,71.52828092966654,"276.591,-2.9329,0.00679222",Staphylococcus spp.,2,Raw Chicken Breast,CFU
114,cubic,9,9,822.1354552506992,2861.045831098209,59.85546141359563,60.64435972294051,"-26.1801,0.800294,-0.00604942,1.29024e-05",Staphylococcus spp.,2,Raw Chicken Breast,CFU
114,logistic,9,9,822.1354552506992,19.4617013938872,12.941015333213745,13.532689065222403,"957.218,0.0225019,485.977",Staphylococcus spp.,2,Raw Chicken Breast,CFU
114,gompertz,9,9,822.1354552506992,337.66163990254284,38.623377762322,39.21505149433066,"1441.85,0.00878534,500.634",Staphylococcus spp.,2,Raw Chicken Breast,CFU
115,quadratic,8,8,299.9606930886938,3153.003802383889,53.813354590575706,54.05167921561521,"-11.2525,-0.0836635,0.0011001",Staphylococcus spp.,4,Raw Chicken Breast,CFU
115,cubic,8,8,299.9606930886938,1060.764587111703,47.09842955203364,47.41619571875299,"82.1585,-1.39724,0.00575859,-4.67016e-06",Staphylococcus spp.,4,Raw Chicken Breast,CFU
115,logistic,8,8,299.9606930886938,995.0893142396865,44.58712763604205,44.82545226108155,"311.128,0.0158808,409.64",Staphylococcus spp.,4,Raw Chicken Breast,CFU
115,gompertz,8,8,299.9606930886938,502.8777567932075,39.12724456511707,39.36556919015658,"344.484,0.0091586,380.385",Staphylococcus spp.,4,Raw Chicken Breast,CFU
116,quadratic,14,14,1490.5291705273933,585764.7604966802,154.98262716048225,156.89979914932803,"-50.1423,-0.6947,0.0185141",Staphylococcus spp.,7,Raw Chicken Breast,CFU
116,cubic,14,14,1490.5291705273933,405255.69291230623,151.82502620900462,154.38125552746564,"152.917,-9.69711,0.0898988,-0.000146155",Staphylococcus spp.,7,Raw Chicken Breast,CFU
116,logistic,14,14,1490.5291705273933,111813.54535551538,131.79742923685046,133.71460122569624,"1375.41,0.0745059,211.444",Staphylococcus spp.,7,Raw Chicken Breast,CFU
116,gompertz,14,14,1490.5291705273933,127259.67167088165,133.60898650053974,135.52615848938552,"1358.24,0.0791512,206.008",Staphylococcus spp.,7,Raw Chicken Breast,CFU
117,quadratic,11,11,1665.03646135478,227852.01770939757,115.32412017211311,116.51780599050822,"53.9536,-6.15209,0.0784714",Staphylococcus spp.,10,Raw Chicken Breast,CFU
117,cubic,11,11,1665.03646135478,153219.22188520528,112.95902697328653,114.55060806448,"349.519,-21.2521,0.256269,-0.000567242",Staphylococcus spp.,10,Raw Chicken Breast,CFU
117,logistic,11,11,1665.03646135478,27269.27857271934,91.97182822483423,93.16551404322934,"1738.72,0.0614398,140.572",Staphylococcus spp.,10,Raw Chicken Breast,CFU
117,gompertz,11,11,1665.03646135478,24324.50680620639,90.71478794755507,91.90847376595018,"1840.53,0.0373724,130.032",Staphylococcus spp.,10,Raw Chicken Breast,CFU
118,quadratic,9,9,1149.5680760953505,15674.342567933669,73.16300261261127,73.75467634461992,"319.722,-15.7834,0.18813",Staphylococcus spp.,15,Raw Chicken Breast,CFU
118,cubic,9,9,1149.5680760953505,9541.278928314392,70.69542413923404,71.48432244857891,"-33.9614,2.88287,-0.0979677,0.00131791",Staphylococcus spp.,15,Raw Chicken Breast,CFU
118,logistic,9,9,1149.5680760953505,12618.713904843662,71.21140479854245,71.8030785305511,"2278.76,0.0561672,118.817",Staphylococcus spp.,15,Raw Chicken Breast,CFU
118,gompertz,9,9,1149.5680760953505,16419.676340415885,73.58109984756248,74.17277357957114,"3006.61,0.0241007,118.817",Staphylococcus spp.,15,Raw Chicken Breast,CFU
119,quadratic,9,9,919.2124846267888,22068.46090127648,76.24212164106751,76.83379537307617,"146.64,-21.1818,0.642089",Staphylococcus spp.,20,Raw Chicken Breast,CFU
119,cubic,9,9,919.2124846267888,21973.675650681682,78.20338289498446,78.99228120432933,"127.218,-18.3251,0.535305,0.001132",Staphylococcus spp.,20,Raw Chicken Breast,CFU
119,logistic,9,9,919.2124846267888,4312.736211806817,61.54892930630107,62.14060303830973,"1039.9,0.201205,44.8612",Staphylococcus spp.,20,Raw Chicken Breast,CFU
119,gompertz,9,9,919.2124846267888,9827.719866364765,68.96163887045452,69.5533126024632,"1344.43,0.0904177,44.2834",Staphylococcus spp.,20,Raw Chicken Breast,CFU
120,quadratic,10,10,662.5867826960574,13307.419765210812,77.9349194274375,78.84267470641964,"120.479,-1.61911,0.0042666",Staphylococcus spp.,2,Salted Chicken Breast,CFU
120,cubic,10,10,662.5867826960574,1051.2451594050626,54.551455136737715,55.7617955087139,"-27.1149,0.710953,-0.00474392,9.58559e-06",Staphylococcus spp.,2,Salted Chicken Breast,CFU
120,logistic,10,10,662.5867826960574,238.59009502224984,37.721619029088814,38.62937430807095,"880.786,0.0177436,518.412",Staphylococcus spp.,2,Salted Chicken Breast,CFU
120,gompertz,10,10,662.5867826960574,687.5097488838971,48.304909166409026,49.21266444539116,"1803.93,0.00585231,581.468",Staphylococcus spp.,2,Salted Chicken Breast,CFU
121,quadratic,6,6,457.89136802676717,27646.670849154812,56.613006763126975,55.98828517081114,"-190.997,0.97718,0.00039567",Staphylococcus spp.,4,Salted Chicken Breast,CFU
121,cubic,6,6,457.89136802676717,7480.788113653736,50.77000375386879,49.93704163078101,"1013.55,-11.9688,0.0417938,-4.04555e-05",Staphylococcus spp.,4,Salted Chicken Breast,CFU
121,logistic,6,6,457.89136802676717,7431.635733677058,48.73045078100854,48.105729188692706,"419.721,0.0318847,363.174",Staphylococcus spp.,4,Salted Chicken Breast,CFU
121,gompertz,6,6,457.89136802676717,9714.010679922863,50.33739031867915,49.71266872636331,"425.394,0.0202672,338.138",Staphylococcus spp.,4,Salted Chicken Breast,CFU
122,quadratic,13,13,1599.26165033606,359561.48799033137,138.95998458056226,140.65483265294688,"110.938,-4.01567,0.0252648",Staphylococcus spp.,7,Salted Chicken Breast,CFU
122,cubic,13,13,1599.26165033606,340437.6451734875,140.24949274025488,142.50929017010102,"276.349,-8.42596,0.0544382,-5.38696e-05",Staphylococcus spp.,7,Salted Chicken Breast,CFU
122,logistic,13,13,1599.26165033606,102498.20439471812,122.64446562398902,124.33931369637364,"1439.38,0.0517289,247.813",Staphylococcus spp.,7,Salted Chicken Breast,CFU
122,gompertz,13,13,1599.26165033606,131421.3657144319,125.8757899939538,127.57063806633842,"1477.13,0.0356554,236.697",Staphylococcus spp.,7,Salted Chicken Breast,CFU
123,quadratic,13,13,1952.6507594108,693484.3149771121,147.49894906975587,149.19379714214048,"-52.0336,-1.74528,0.054663",Staphylococcus spp.,10,Salted Chicken Breast,CFU
123,cubic,13,13,1952.6507594108,406941.3541891642,142.5691750478335,144.82897247767966,"463.596,-27.3843,0.349271,-0.000913224",Staphylococcus spp.,10,Salted Chicken Breast,CFU
123,logistic,13,13,1952.6507594108,193633.8587360961,130.9140746260857,132.6089226984703,"1658.98,0.0724024,132.861",Staphylococcus spp.,10,Salted Chicken Breast,CFU
123,gompertz,13,13,1952.6507594108,226400.16751833225,132.9464301010271,134.6412781734117,"1704.58,0.0477791,124.254",Staphylococcus spp.,10,Salted Chicken Breast,CFU
124,quadratic,12,12,2220.4244555369473,644760.3194266586,136.7007273497066,138.1554472990706,"167.092,-16.0129,0.283739",Staphylococcus spp.,15,Salted Chicken Breast,CFU
124,cubic,12,12,2220.4244555369473,587354.0652638058,137.58171733766244,139.52134393681445,"438.556,-36.1377,0.651561,-0.00185209",Staphylococcus spp.,15,Salted Chicken Breast,CFU
124,logistic,12,12,2220.4244555369473,11365.5485421603,88.24122421502493,89.69594416438893,"2233.69,0.152466,88.989",Staphylococcus spp.,15,Salted Chicken Breast,CFU
124,gompertz,12,12,2220.4244555369473,40378.19721912399,103.45366314829806,104.90838309766207,"2309.83,0.0989074,84.7895",Staphylococcus spp.,15,Salted Chicken Breast,CFU
125,quadratic,9,9,2527.1717743614754,622331.2377970947,106.29602870360148,106.88770243561014,"671.783,-74.7763,1.58767",Staphylococcus spp.,20,Salted Chicken Breast,CFU
125,cubic,9,9,2527.1717743614754,150362.12262260722,95.51219513461086,96.30109344395574,"-560.003,96.2485,-4.32044,0.0574409",Staphylococcus spp.,20,Salted Chicken Breast,CFU
125,logistic,9,9,2527.1717743614754,52973.2513408616,84.12286016504822,84.71453389705688,"4986.68,0.196984,61.5147",Staphylococcus spp.,20,Salted Chicken Breast,CFU
125,gompertz,9,9,2527.1717743614754,123976.59736562001,91.77561166664952,92.36728539865818,"6702.22,0.0879143,61.5147",Staphylococcus spp.,20,Salted Chicken Breast,CFU
126,quadratic,10,10,25.43820981247282,188.45651095357127,35.36282176154477,36.27057704052691,"-9.51032,0.0986096,-7.82955e-05",Staphylococcus spp.,2,Cooked Chicken Breast,CFU
126,cubic,10,10,25.43820981247282,94.88039870109255,30.5003204440814,31.710660816057583,"2.18714,-0.0707968,0.00051567,-5.6896e-07",Staphylococcus spp.,2,Cooked Chicken Breast,CFU
126,logistic,10,10,25.43820981247282,52.23545428592604,22.531763722218273,23.43951900120041,"21.3339,0.0335066,279.227",Staphylococcus spp.,2,Cooked Chicken Breast,CFU
126,gompertz,10,10,25.43820981247282,55.857270465456104,23.202146024812045,24.10990130379418,"21.4123,0.0243041,260.684",Staphylococcus spp.,2,Cooked Chicken Breast,CFU
127,quadratic,7,7,294.36837239795176,16431.51308262395,60.32732305286391,60.16505350002985,"-331.246,2.19735,-0.00203179",Staphylococcus spp.,4,Cooked Chicken Breast,CFU
127,cubic,7,7,294.36837239795176,8194.451669212609,57.457117006337384,57.24075760255864,"219.341,-3.31745,0.014068,-1.41951e-05",Staphylococcus spp.,4,Cooked Chicken Breast,CFU
127,logistic,7,7,294.36837239795176,2091.972355156601,45.89966723042925,45.73739767759519,"262.586,0.238615,307.872",Staphylococcus spp.,4,Cooked Chicken Breast,CFU
127,gompertz,7,7,294.36837239795176,2091.972305423298,45.899667064015425,45.73739751118136,"262.586,0.235678,305.098",Staphylococcus spp.,4,Cooked Chicken Breast,CFU
128,quadratic,13,13,434.85810663228716,4626.506436376463,82.3699034205165,84.06475149290111,"66.4443,-1.49181,0.00627936",Staphylococcus spp.,7,Cooked Chicken Breast,CFU
128,cubic,13,13,434.85810663228716,1173.4918920407451,66.53626673172913,68.79606416157527,"5.20067,0.0501782,-0.00287999,1.50356e-05",Staphylococcus spp.,7,Cooked Chicken Breast,CFU
128,logistic,13,13,434.85810663228716,1735.0854991437586,69.62021396575838,71.31506203814298,"629.227,0.02213,345.911",Staphylococcus spp.,7,Cooked Chicken Breast,CFU
128,gompertz,13,13,434.85810663228716,1086.8225066722234,63.538834976958185,65.2336830493428,"1168.66,0.00799465,381.082",Staphylococcus spp.,7,Cooked Chicken Breast,CFU
129,quadratic,12,12,553.9146248404218,6622.334688388119,81.75955930717039,83.2142792565344,"60.9478,-2.36715,0.0226325",Staphylococcus spp.,10,Cooked Chicken Breast,CFU
129,cubic,12,12,553.9146248404218,4858.913917591959,80.0439628206326,81.98358941978461,"-19.1078,0.739432,-0.00928158,9.32063e-05",Staphylococcus spp.,10,Cooked Chicken Breast,CFU
129,logistic,12,12,553.9146248404218,5410.227166327464,79.33367653499978,80.78839648436379,"1106.49,0.0281247,205.802",Staphylococcus spp.,10,Cooked Chicken Breast,CFU
129,gompertz,12,12,553.9146248404218,7210.669238996442,82.78092476551245,84.23564471487646,"1445.93,0.011721,205.802",Staphylococcus spp.,10,Cooked Chicken Breast,CFU
130,quadratic,11,11,1746.5997368005294,41964.00679150264,96.71339503483573,97.90708085323084,"328.643,-18.7273,0.244834",Staphylococcus spp.,15,Cooked Chicken Breast,CFU
130,cubic,11,11,1746.5997368005294,41956.60107402633,98.71145360722879,100.30303469842227,"336.287,-19.1638,0.251711,-3.16686e-05",Staphylococcus spp.,15,Cooked Chicken Breast,CFU
130,logistic,11,11,1746.5997368005294,17583.95244646336,87.14531369425109,88.3389995126462,"2118.8,0.0736786,103.383",Staphylococcus spp.,15,Cooked Chicken Breast,CFU
130,gompertz,11,11,1746.5997368005294,19561.53998813619,88.31767939110189,89.511365209497,"2933.83,0.0321593,103.853",Staphylococcus spp.,15,Cooked Chicken Breast,CFU
131,quadratic,9,9,2197.475518863995,218383.66418988834,96.87105730548453,97.46273103749319,"572.817,-65.8382,1.46183",Staphylococcus spp.,20,Cooked Chicken Breast,CFU
131,cubic,9,9,2197.475518863995,34127.09241867025,82.16560042612373,82.9544987354686,"-234.378,45.0302,-2.34763,0.0369249",Staphylococcus spp.,20,Cooked Chicken Breast,CFU
131,logistic,9,9,2197.475518863995,6683.071719291384,65.49097579546697,66.08264952747562,"2819.4,0.202621,55.1324",Staphylococcus spp.,20,Cooked Chicken Breast,CFU
131,gompertz,9,9,2197.475518863995,17741.17323343187,74.27776930131998,74.86944303332864,"5019.63,0.0726923,58.6884",Staphylococcus spp.,20,Cooked Chicken Breast,CFU
132,quadratic,11,11,515.0088498633851,47107.81172332411,97.985287321975,99.1789731403701,"-132.375,1.21511,-0.000317179",Pseudomonas spp.,2,Raw Chicken Breast,CFU
132,cubic,11,11,515.0088498633851,7394.214152997364,79.6161361229226,81.20771721411609,"101.955,-2.33896,0.0126025,-1.27983e-05",Pseudomonas spp.,2,Raw Chicken Breast,CFU
132,logistic,11,11,515.0088498633851,9957.961525735804,80.89055629816781,82.08424211656292,"469.991,0.0196273,328.347",Pseudomonas spp.,2,Raw Chicken Breast,CFU
132,gompertz,11,11,515.0088498633851,11451.322854399083,82.42761788910454,83.62130370749965,"478.929,0.0129026,294.149",Pseudomonas spp.,2,Raw Chicken Breast,CFU
133,quadratic,7,7,1393.3990919918508,171338.79411897232,76.73841584946983,76.57614629663577,"-206.113,1.34839,0.00350426",Pseudomonas spp.,4,Raw Chicken Breast,CFU
133,cubic,7,7,1393.3990919918508,63696.10578868551,71.81177989914416,71.5954204953654,"571.398,-10.8724,0.0523949,-5.5538e-05",Pseudomonas spp.,4,Raw Chicken Breast,CFU
133,logistic,7,7,1393.3990919918508,53442.89861273744,68.58321228734444,68.42094273451038,"1353.37,0.0208905,337.044",Pseudomonas spp.,4,Raw Chicken Breast,CFU
133,gompertz,7,7,1393.3990919918508,71300.63673581104,70.6012527137826,70.43898316094854,"1444.5,0.0121383,308.52",Pseudomonas spp.,4,Raw Chicken Breast,CFU
134,quadratic,10,10,654.2388484708506,139432.12548278083,101.42748113163897,102.3352364106211,"-280.278,2.01408,0.00200657",Pseudomonas spp.,7,Raw Chicken Breast,CFU
134,cubic,10,10,654.2388484708506,62952.23667285907,95.47546476790194,96.68580513987813,"1978.87,-35.9805,0.196068,-0.000306971",Pseudomonas spp.,7,Raw Chicken Breast,CFU
134,logistic,10,10,654.2388484708506,72974.83268076622,94.95284809896127,95.8606033779434,"549.419,0.0538771,227.38",Pseudomonas spp.,7,Raw Chicken Breast,CFU
134,gompertz,10,10,654.2388484708506,79579.31141879283,95.81924338257718,96.72699866155932,"552.279,0.0393113,215.369",Pseudomonas spp.,7,Raw Chicken Breast,CFU
135,quadratic,13,13,1916.3080190083015,460972.1963614622,142.18986746453515,143.88471553691977,"-10.0809,-3.19113,0.0654877",Pseudomonas spp.,10,Raw Chicken Breast,CFU
135,cubic,13,13,1916.3080190083015,279766.85219465184,137.69791259221714,139.95771002206328,"334.185,-22.2977,0.294004,-0.000725335",Pseudomonas spp.,10,Raw Chicken Breast,CFU
135,logistic,13,13,1916.3080190083015,81008.4912234487,119.58567870803253,121.28052678041715,"1803.1,0.0645406,134.633",Pseudomonas spp.,10,Raw Chicken Breast,CFU
135,gompertz,13,13,1916.3080190083015,107331.49852813405,123.24346508930131,124.93831316168593,"1887.12,0.0407941,125.539",Pseudomonas spp.,10,Raw Chicken Breast,CFU
136,quadratic,12,12,5348.371346912646,1834772.7259712094,149.2502943234669,150.7050142728309,"414.14,-37.7271,0.637865",Pseudomonas spp.,15,Raw Chicken Breast,CFU
136,cubic,12,12,5348.371346912646,1779147.7436144045,150.880860345185,152.820486944337,"651.462,-55.9941,0.973552,-0.00167886",Pseudomonas spp.,15,Raw Chicken Breast,CFU
136,logistic,12,12,5348.371346912646,114177.70112361864,115.92725574882562,117.38197569818962,"5487.03,0.105376,93.8756",Pseudomonas spp.,15,Raw Chicken Breast,CFU
136,gompertz,12,12,5348.371346912646,110876.33729516949,115.57516957245485,117.02988952181886,"5679.15,0.0715757,88.0298",Pseudomonas spp.,15,Raw Chicken Breast,CFU
137,quadratic,9,9,4388.01517262566,443805.94364518876,103.25326294208136,103.84493667409002,"758.814,-96.023,2.25327",Pseudomonas spp.,20,Raw Chicken Breast,CFU
137,cubic,9,9,4388.01517262566,69397.13521598198,88.5533866009824,89.34228491032728,"-115.261,29.4237,-1.95348,0.0389956",Pseudomonas spp.,20,Raw Chicken Breast,CFU
137,logistic,9,9,4388.01517262566,17945.62408510649,74.38089302970573,74.97256676171439,"6359.62,0.13917,59.9389",Pseudomonas spp.,20,Raw Chicken Breast,CFU
137,gompertz,9,9,4388.01517262566,51630.787470754214,83.89183967353263,84.48351340554129,"11965.2,0.0497783,65.7836",Pseudomonas spp.,20,Raw Chicken Breast,CFU
138,quadratic,11,11,382.8496946187787,17490.93026527896,87.08696730430054,88.28065312269565,"-45.5529,0.515972,0.000234081",Pseudomonas spp.,2,Salted Chicken Breast,CFU
138,cubic,11,11,382.8496946187787,11148.464611925428,84.13277970805805,85.72436079925154,"6.2317,-0.522951,0.00433862,-4.18452e-06",Pseudomonas spp.,2,Salted Chicken Breast,CFU
138,logistic,11,11,382.8496946187787,8434.420090434858,79.06399066367786,80.25767648207297,"314.085,0.0223546,308.745",Pseudomonas spp.,2,Salted Chicken Breast,CFU
138,gompertz,11,11,382.8496946187787,6659.8459177193945,76.46551990489954,77.65920572329465,"333.962,0.0120507,286.133",Pseudomonas spp.,2,Salted Chicken Breast,CFU
139,quadratic,7,7,166.18898888678459,6392.889158334437,53.71922003511219,53.556950482278125,"-98.8801,1.04049,-0.00115203",Pseudomonas spp.,4,Salted Chicken Breast,CFU
139,cubic,7,7,166.18898888678459,1505.486314226998,45.59672775815868,45.38036835437993,"68.7665,-1.54107,0.00901155,-1.13733e-05",Pseudomonas spp.,4,Salted Chicken Breast,CFU
139,logistic,7,7,166.18898888678459,2113.866759924034,45.97254791541536,45.8102783625813,"136.873,0.224676,229.73",Pseudomonas spp.,4,Salted Chicken Breast,CFU
139,gompertz,7,7,166.18898888678459,2113.8666612232473,45.97254758857096,45.8102780357369,"136.873,0.245478,225.943",Pseudomonas spp.,4,Salted Chicken Breast,CFU
140,quadratic,11,11,231.80932014572252,14246.380256699607,84.82999149912604,86.02367731752115,"-79.2861,0.634924,0.0010747",Pseudomonas spp.,7,Salted Chicken Breast,CFU
140,cubic,11,11,231.80932014572252,3316.521792889452,70.79654245915921,72.3881235503527,"385.911,-8.15593,0.0492749,-7.96879e-05",Pseudomonas spp.,7,Salted Chicken Breast,CFU
140,logistic,11,11,231.80932014572252,1788.7588735656543,62.005202207058,63.19888802545311,"217.038,0.0615878,216.324",Pseudomonas spp.,7,Salted Chicken Breast,CFU
140,gompertz,11,11,231.80932014572252,2518.457062343712,65.76857087675485,66.96225669514996,"219.409,0.0434637,206.193",Pseudomonas spp.,7,Salted Chicken Breast,CFU
141,quadratic,13,13,534.4850473723068,54675.65652343724,114.4749184448275,116.16976651721211,"-53.6748,1.10785,0.00814536",Pseudomonas spp.,10,Salted Chicken Breast,CFU
141,cubic,13,13,534.4850473723068,22833.620258983345,105.12351927367153,107.38331670351768,"100.932,-7.1027,0.105985,-0.000311763",Pseudomonas spp.,10,Salted Chicken Breast,CFU
141,logistic,13,13,534.4850473723068,18671.877571605746,100.50771772328504,102.20256579566966,"432.667,0.072624,116.41",Pseudomonas spp.,10,Salted Chicken Breast,CFU
141,gompertz,13,13,534.4850473723068,19680.623609669456,101.19172650163637,102.88657457402098,"446.581,0.0448096,108.274",Pseudomonas spp.,10,Salted Chicken Breast,CFU
142,quadratic,12,12,1081.7198377171947,21344.336283110413,95.80362065035607,97.25834059972007,"88.0489,-7.50039,0.128791",Pseudomonas spp.,15,Salted Chicken Breast,CFU
142,cubic,12,12,1081.7198377171947,19500.12562521068,96.71923444473899,98.658861043891,"49.4637,-4.3087,0.0668804,0.000324221",Pseudomonas spp.,15,Salted Chicken Breast,CFU
142,logistic,12,12,1081.7198377171947,4327.418306966811,76.65383711320234,78.10855706256635,"1300.05,0.0712787,99.8232",Pseudomonas spp.,15,Salted Chicken Breast,CFU
142,gompertz,12,12,1081.7198377171947,6903.6006300882955,82.25870082166523,83.71342077102923,"1783.44,0.0314582,100.037",Pseudomonas spp.,15,Salted Chicken Breast,CFU
143,quadratic,8,8,689.1139451895531,12161.352152161073,64.61261443505758,64.85093906009709,"209.243,-21.5801,0.506475",Pseudomonas spp.,20,Salted Chicken Breast,CFU
143,cubic,8,8,689.1139451895531,12128.692289594026,66.59110117199069,66.90886733871002,"185.308,-18.9426,0.424433,0.000758771",Pseudomonas spp.,20,Salted Chicken Breast,CFU
143,logistic,8,8,689.1139451895531,1714.1712627968973,48.93794777950191,49.17627240454142,"758.168,0.221071,48.4585",Pseudomonas spp.,20,Salted Chicken Breast,CFU
143,gompertz,8,8,689.1139451895531,4476.895541356762,56.617948672025534,56.856273297065044,"923.957,0.106369,47.3187",Pseudomonas spp.,20,Salted Chicken Breast,CFU
144,quadratic,10,10,2566.718216270368,267354.5234812279,107.93745766937575,108.84521294835788,"179.073,-3.28506,0.0110052",Pseudomonas spp.,2,Cooked Chicken Breast,CFU
144,cubic,10,10,2566.718216270368,267044.6829858259,109.92586182393396,111.13620219591014,"157.907,-2.96616,0.0098423,1.15777e-06",Pseudomonas spp.,2,Cooked Chicken Breast,CFU
144,logistic,10,10,2566.718216270368,348571.89213040966,110.59014685101464,111.49790212999677,"3384.72,0.0110408,543.855",Pseudomonas spp.,2,Cooked Chicken Breast,CFU
144,gompertz,10,10,2566.718216270368,279280.8930711069,108.37388246542244,109.28163774440458,"4541.22,0.00506903,538.212",Pseudomonas spp.,2,Cooked Chicken Breast,CFU
145,quadratic,6,6,1248.7920915171235,186680.88309189855,68.07237876801642,67.44765717570058,"-3101.37,17.9119,-0.0194665",Pseudomonas spp.,4,Cooked Chicken Breast,CFU
145,cubic,6,6,1248.7920915171235,138808.68250776018,68.29455445976512,67.46159233667734,"667.722,-14.1942,0.0656909,-7.10977e-05",Pseudomonas spp.,4,Cooked Chicken Breast,CFU
145,logistic,6,6,1248.7920915171235,161867.628214629,67.21664820710436,66.59192661478852,"946.236,0.0531461,319.434",Pseudomonas spp.,4,Cooked Chicken Breast,CFU
145,gompertz,6,6,1248.7920915171235,163462.6390850785,67.27548160112855,66.65076000881271,"941.959,0.0435193,302.985",Pseudomonas spp.,4,Cooked Chicken Breast,CFU
146,quadratic,13,13,910.0316440705849,43425.455878737805,111.48007251162903,113.17492058401365,"72.1382,-3.06349,0.0167362",Pseudomonas spp.,7,Cooked Chicken Breast,CFU
146,cubic,13,13,910.0316440705849,8377.789996894737,92.0890710102627,94.34886844010884,"-5.6118,0.978379,-0.0165963,6.99787e-05",Pseudomonas spp.,7,Cooked Chicken Breast,CFU
146,logistic,13,13,910.0316440705849,12094.071264421713,94.86177658667155,96.55662465905617,"1771.47,0.0244566,318.344",Pseudomonas spp.,7,Cooked Chicken Breast,CFU
146,gompertz,13,13,910.0316440705849,12298.44648185403,95.07962535724039,96.774473429625,"2339.73,0.0105054,318.344",Pseudomonas spp.,7,Cooked Chicken Breast,CFU
147,quadratic,11,11,3499.581052106564,1404647.042475223,135.33141475178797,136.5251005701831,"-81.5161,-6.14832,0.129806",Pseudomonas spp.,10,Cooked Chicken Breast,CFU
147,cubic,11,11,3499.581052106564,995060.8656747193,133.53930304304222,135.1308841342357,"1920.4,-76.8081,0.837405,-0.00208412",Pseudomonas spp.,10,Cooked Chicken Breast,CFU
147,logistic,11,11,3499.581052106564,939332.808267938,130.9053283609723,132.0990141793674,"3540.5,0.0492136,139.278",Pseudomonas spp.,10,Cooked Chicken Breast,CFU
147,gompertz,11,11,3499.581052106564,948584.8718763218,131.0131439882301,132.20682980662522,"3933.85,0.0273314,128.684",Pseudomonas spp.,10,Cooked Chicken Breast,CFU
148,quadratic,12,12,6165.636984534724,3129268.2584765004,155.65683722594918,157.11155717531318,"458.546,-44.5805,0.853452",Pseudomonas spp.,15,Cooked Chicken Breast,CFU
148,cubic,12,12,6165.636984534724,3128458.310065687,157.6537308642769,159.5933574634289,"487.196,-46.9951,0.902345,-0.000269926",Pseudomonas spp.,15,Cooked Chicken Breast,CFU
148,logistic,12,12,6165.636984534724,1966369.7958361276,150.08151609306938,151.5362360424334,"7056.69,0.0874271,89.83",Pseudomonas spp.,15,Cooked Chicken Breast,CFU
148,gompertz,12,12,6165.636984534724,2261705.5515885637,151.76067726822743,153.21539721759143,"8323.29,0.0452644,85.8081",Pseudomonas spp.,15,Cooked Chicken Breast,CFU
149,quadratic,9,9,2795.798992803806,199806.32741015652,96.07091312470585,96.66258685671451,"664.476,-86.6722,2.24037",Pseudomonas spp.,20,Cooked Chicken Breast,CFU
149,cubic,9,9,2795.798992803806,13258.804473409826,73.65673269766349,74.44563100700836,"-186.35,41.9739,-2.70133,0.0537877",Pseudomonas spp.,20,Cooked Chicken Breast,CFU
149,logistic,9,9,2795.798992803806,17245.926289894887,74.02295994113638,74.61463367314504,"4783.55,0.159517,52.4474",Pseudomonas spp.,20,Cooked Chicken Breast,CFU
149,gompertz,9,9,2795.798992803806,20923.546715523786,75.76265277189404,76.3543265039027,"7496.02,0.0647023,54.5455",Pseudomonas spp.,20,Cooked Chicken Breast,CFU
150,quadratic,10,10,609.6413725735848,24750.666386411966,84.1402259934384,85.04798127242054,"30.7598,-0.779373,0.00354218",Aerobic Psychotropic.,2,Raw Chicken Breast,CFU
150,cubic,10,10,609.6413725735848,15473.03722828654,81.44269161508795,82.65303198706414,"220.402,-3.55582,0.0141622,-1.14931e-05",Aerobic Psychotropic.,2,Raw Chicken Breast,CFU
150,logistic,10,10,609.6413725735848,575.0876967500194,46.519374522609,47.427129801591136,"629.348,0.0250863,392.434",Aerobic Psychotropic.,2,Raw Chicken Breast,CFU
150,gompertz,10,10,609.6413725735848,3080.781126549766,63.303533633355144,64.21128891233728,"677.501,0.013961,369.725",Aerobic Psychotropic.,2,Raw Chicken Breast,CFU
151,quadratic,6,6,1394.0308191940476,318501.72791946365,71.2777422595826,70.65302066726676,"-889.275,5.619,-0.00301517",Aerobic Psychotropic.,4,Raw Chicken Breast,CFU
151,cubic,6,6,1394.0308191940476,66102.4250996657,63.84320746570789,63.01024534262011,"3414.93,-43.0738,0.161051,-0.00016902",Aerobic Psychotropic.,4,Raw Chicken Breast,CFU
151,logistic,6,6,1394.0308191940476,139746.07225837486,66.3349368954518,65.71021530313597,"1160.46,0.0318909,330.037",Aerobic Psychotropic.,4,Raw Chicken Breast,CFU
151,gompertz,6,6,1394.0308191940476,154065.84446200478,66.92025529338572,66.29553370106989,"1158.99,0.0227087,305.676",Aerobic Psychotropic.,4,Raw Chicken Breast,CFU
152,quadratic,13,13,2512.0651641525837,3161343.128136399,167.22025631850977,168.91510439089438,"-70.0296,-0.327297,0.0152845",Aerobic Psychotropic.,7,Raw Chicken Breast,CFU
152,cubic,13,13,2512.0651641525837,2754450.7299617287,167.4291302651535,169.68892769499965,"151.438,-13.7284,0.129373,-0.000243736",Aerobic Psychotropic.,7,Raw Chicken Breast,CFU
152,logistic,13,13,2512.0651641525837,2327693.2304546833,163.24070632178115,164.93555439416576,"1237.98,0.0787056,220.12",Aerobic Psychotropic.,7,Raw Chicken Breast,CFU
152,gompertz,13,13,2512.0651641525837,2381423.56762588,163.53737541140333,165.23222348378795,"1233.94,0.0610618,210.939",Aerobic Psychotropic.,7,Raw Chicken Breast,CFU
153,quadratic,12,12,465.95571027818164,39166.412444897855,103.08801819984731,104.54273814921132,"-34.5696,0.11749,0.0118514",Aerobic Psychotropic.,10,Raw Chicken Breast,CFU
153,cubic,12,12,465.95571027818164,23089.74780991842,98.74684796543823,100.68647456459024,"198.89,-9.62748,0.119369,-0.000336587",Aerobic Psychotropic.,10,Raw Chicken Breast,CFU
153,logistic,12,12,465.95571027818164,20825.347849993468,95.50823424706346,96.96295419642746,"377.02,0.0653227,122.972",Aerobic Psychotropic.,10,Raw Chicken Breast,CFU
153,gompertz,12,12,465.95571027818164,21314.669502568348,95.78693008678854,97.24165003615255,"391.417,0.0425914,113.835",Aerobic Psychotropic.,10,Raw Chicken Breast,CFU
154,quadratic,10,10,1486.3809522527267,376043.8405097067,111.34875919681356,112.2565144757957,"72.2399,-10.8644,0.258975",Aerobic Psychotropic.,15,Raw Chicken Breast,CFU
154,cubic,10,10,1486.3809522527267,301095.4030655155,111.12597354223784,112.33631391421403,"448.632,-44.9265,1.00983,-0.00452564",Aerobic Psychotropic.,15,Raw Chicken Breast,CFU
154,logistic,10,10,1486.3809522527267,1719.3846180876674,57.471366326132646,58.37912160511478,"1493.28,0.249259,70.2163",Aerobic Psychotropic.,15,Raw Chicken Breast,CFU
154,gompertz,10,10,1486.3809522527267,4913.606021030114,67.9717828207236,68.87953809970575,"1488.84,0.20201,67.2163",Aerobic Psychotropic.,15,Raw Chicken Breast,CFU
155,quadratic,8,8,538.891622872397,46763.68487251702,75.38736539797875,75.62569002301827,"188.196,-23.1363,0.663282",Aerobic Psychotropic.,20,Raw Chicken Breast,CFU
155,cubic,8,8,538.891622872397,40815.15556931649,76.2989376781639,76.61670384488323,"697.639,-85.53,2.92427,-0.0248912",Aerobic Psychotropic.,20,Raw Chicken Breast,CFU
155,logistic,8,8,538.891622872397,1996.6224126840486,50.15816557267785,50.396490197717355,"542.008,0.905741,36.9149",Aerobic Psychotropic.,20,Raw Chicken Breast,CFU
155,gompertz,8,8,538.891622872397,2030.9365260790248,50.29448613492923,50.53281075996874,"540.647,0.779671,36.0181",Aerobic Psychotropic.,20,Raw Chicken Breast,CFU
156,quadratic,10,10,394.9383489899424,2552.520491184504,61.42251484900702,62.33027012798916,"-4.241,-0.173655,0.00155831",Aerobic Psychotropic.,2,Salted Chicken Breast,CFU
156,cubic,10,10,394.9383489899424,927.0913765450846,53.294670400386714,54.505010772362894,"48.852,-1.02337,0.00487821,-3.5658e-06",Aerobic Psychotropic.,2,Salted Chicken Breast,CFU
156,logistic,10,10,394.9383489899424,1471.008503259164,55.91118408188348,56.81893936086562,"428.222,0.013854,414.755",Aerobic Psychotropic.,2,Salted Chicken Breast,CFU
156,gompertz,10,10,394.9383489899424,521.0237065490912,45.53210449737747,46.439859776359604,"522.609,0.00684067,396.186",Aerobic Psychotropic.,2,Salted Chicken Breast,CFU
157,quadratic,6,6,495.7451687893523,32222.198692112703,57.53190855092002,56.907186958604186,"-369.882,2.26081,-0.00103859",Aerobic Psychotropic.,4,Salted Chicken Breast,CFU
157,cubic,6,6,495.7451687893523,5127.524197784407,48.50371243954518,47.6707503164574,"1014.36,-12.7546,0.0473785,-4.7692e-05",Aerobic Psychotropic.,4,Salted Chicken Breast,CFU
157,logistic,6,6,495.7451687893523,464.34460713744716,32.0932049708299,31.468483378514065,"489.598,0.0404903,327.39",Aerobic Psychotropic.,4,Salted Chicken Breast,CFU
157,gompertz,6,6,495.7451687893523,761.3747032108475,35.060196900730304,34.43547530841447,"489.461,0.0325381,311.268",Aerobic Psychotropic.,4,Salted Chicken Breast,CFU
158,quadratic,14,14,1024.5924687398365,94156.2357852307,129.39114808618413,131.3083200750299,"66.2231,-2.8576,0.0167586",Aerobic Psychotropic.,7,Salted Chicken Breast,CFU
158,cubic,14,14,1024.5924687398365,86217.70431518133,130.15802889408482,132.71425821254584,"21.2851,-0.842369,0.00130442,3.05608e-05",Aerobic Psychotropic.,7,Salted Chicken Breast,CFU
158,logistic,14,14,1024.5924687398365,79961.06426383524,127.10332876408785,129.02050075293363,"1110.63,0.0296767,272.454",Aerobic Psychotropic.,7,Salted Chicken Breast,CFU
158,gompertz,14,14,1024.5924687398365,76818.79504917828,126.54206201495542,128.45923400380119,"1566.68,0.01287,275.96",Aerobic Psychotropic.,7,Salted Chicken Breast,CFU
159,quadratic,12,12,679.0291449972682,96539.51820302027,113.91361282521453,115.36833277457853,"-45.1392,0.256216,0.0139267",Aerobic Psychotropic.,10,Salted Chicken Breast,CFU
159,cubic,12,12,679.0291449972682,61235.29726590199,110.45086886198374,112.39049546113574,"152.497,-9.19093,0.12089,-0.000329328",Aerobic Psychotropic.,10,Salted Chicken Breast,CFU
159,logistic,12,12,679.0291449972682,49454.77947129264,105.88688802236157,107.34160797172558,"520.937,0.0677337,128.332",Aerobic Psychotropic.,10,Salted Chicken Breast,CFU
159,gompertz,12,12,679.0291449972682,50767.304346731114,106.20121393617066,107.65593388553467,"534.724,0.045419,119.486",Aerobic Psychotropic.,10,Salted Chicken Breast,CFU
160,quadratic,9,9,342.81752743937255,486.9695838833869,41.91879378933869,42.51046752134735,"26.2586,-2.31806,0.0469815",Aerobic Psychotropic.,15,Salted Chicken Breast,CFU
160,cubic,9,9,342.81752743937255,287.03586204338285,39.16144326924968,39.95034157859456,"58.2878,-4.60776,0.0897169,-0.00022585",Aerobic Psychotropic.,15,Salted Chicken Breast,CFU
160,logistic,9,9,342.81752743937255,206.55525991225454,34.20009061571726,34.791764347725916,"401.378,0.0733029,87.3054",Aerobic Psychotropic.,15,Salted Chicken Breast,CFU
160,gompertz,9,9,342.81752743937255,43.47408215486649,20.174463335938135,20.766137067946794,"564.116,0.0310633,88.801",Aerobic Psychotropic.,15,Salted Chicken Breast,CFU
161,quadratic,6,6,267.1978123572505,6249.206820709236,47.69070214057369,47.065980548257855,"67.0732,-8.57468,0.234819",Aerobic Psychotropic.,20,Salted Chicken Breast,CFU
161,cubic,6,6,267.1978123572505,4115.635560744639,47.184734490275986,46.351772367188204,"1136.31,-100.733,2.747,-0.0217802",Aerobic Psychotropic.,20,Salted Chicken Breast,CFU
161,logistic,6,6,267.1978123572505,653.8929813207324,34.1471053902892,33.52238379797336,"272.787,0.475147,42.5028",Aerobic Psychotropic.,20,Salted Chicken Breast,CFU
161,gompertz,6,6,267.1978123572505,762.0619224586768,35.06561007735634,34.4408884850405,"271.571,0.387893,41.079",Aerobic Psychotropic.,20,Salted Chicken Breast,CFU
162,quadratic,9,9,2264.391688654413,152667.31133647222,93.64912637829954,94.2408001103082,"396.174,-5.31533,0.0136403",Aerobic Psychotropic.,2,Cooked Chicken Breast,CFU
162,cubic,9,9,2264.391688654413,7821.594834169027,68.90677260558164,69.69567091492651,"-88.174,2.31086,-0.0153153,3.01021e-05",Aerobic Psychotropic.,2,Cooked Chicken Breast,CFU
162,logistic,9,9,2264.391688654413,11316.466018454605,70.2311058284758,70.82277956048446,"4525.48,0.0133256,597.637",Aerobic Psychotropic.,2,Cooked Chicken Breast,CFU
162,gompertz,9,9,2264.391688654413,22693.76856102153,76.49358968145687,77.08526341346553,"6071,0.00575088,597.637",Aerobic Psychotropic.,2,Cooked Chicken Breast,CFU
163,quadratic,7,7,2582.5510668579045,895814.3526814108,88.31704828035988,88.15477872752582,"358.519,-6.03005,0.0193719",Aerobic Psychotropic.,4,Cooked Chicken Breast,CFU
163,cubic,7,7,2582.5510668579045,814123.2746266495,89.64769849245316,89.4313390886744,"1032.89,-16.0019,0.0569742,-4.02586e-05",Aerobic Psychotropic.,4,Cooked Chicken Breast,CFU
163,logistic,7,7,2582.5510668579045,21557.59686745692,62.228013850447795,62.06574429761373,"2538.21,0.246359,395.395",Aerobic Psychotropic.,4,Cooked Chicken Breast,CFU
163,gompertz,7,7,2582.5510668579045,21557.595514018823,62.228013410970846,62.065743858136784,"2538.21,0.261657,392.326",Aerobic Psychotropic.,4,Cooked Chicken Breast,CFU
164,quadratic,13,13,1354.0453678552474,316775.39278732997,137.31298575410145,139.00783382648606,"-13.0013,-1.67097,0.0175292",Aerobic Psychotropic.,7,Cooked Chicken Breast,CFU
164,cubic,13,13,1354.0453678552474,217904.02150571442,134.44918804752942,136.70898547737556,"146.889,-8.47969,0.0679865,-9.66147e-05",Aerobic Psychotropic.,7,Cooked Chicken Breast,CFU
164,logistic,13,13,1354.0453678552474,51416.13012890726,113.67585218636164,115.37070025874625,"1257.19,0.0463604,232.791",Aerobic Psychotropic.,7,Cooked Chicken Breast,CFU
164,gompertz,13,13,1354.0453678552474,43757.2299519677,111.57901609730702,113.27386416969163,"1292.04,0.0311591,219.697",Aerobic Psychotropic.,7,Cooked Chicken Breast,CFU
165,quadratic,12,12,1118.1569127041637,47180.350328490276,105.32191354207455,106.77663349143856,"16.1639,-2.47556,0.0379933",Aerobic Psychotropic.,10,Cooked Chicken Breast,CFU
165,cubic,12,12,1118.1569127041637,35379.18720729956,103.86766813324267,105.80729473239468,"127.767,-7.69651,0.0953701,-0.000171027",Aerobic Psychotropic.,10,Cooked Chicken Breast,CFU
165,logistic,12,12,1118.1569127041637,26518.137334070892,98.40813066927936,99.86285061864336,"1245.6,0.0393537,156.748",Aerobic Psychotropic.,10,Cooked Chicken Breast,CFU
165,gompertz,12,12,1118.1569127041637,22360.079407540394,96.36150994555027,97.81622989491427,"1485.13,0.0201143,148.266",Aerobic Psychotropic.,10,Cooked Chicken Breast,CFU
166,quadratic,9,9,1321.6181759433268,260010.39084567648,98.44127066988544,99.0329444018941,"95.2541,-9.55209,0.18344",Aerobic Psychotropic.,15,Cooked Chicken Breast,CFU
166,cubic,9,9,1321.6181759433268,176087.3309487186,96.93359694971477,97.72249525905964,"1055.47,-67.2874,1.14698,-0.00468006",Aerobic Psychotropic.,15,Cooked Chicken Breast,CFU
166,logistic,9,9,1321.6181759433268,2120.074462896811,55.157837223488414,55.74951095549707,"1328.91,0.209209,81.6821",Aerobic Psychotropic.,15,Cooked Chicken Breast,CFU
166,gompertz,9,9,1321.6181759433268,4365.130276711949,61.65760862620618,62.24928235821484,"1325.06,0.167841,78.119",Aerobic Psychotropic.,15,Cooked Chicken Breast,CFU
167,quadratic,9,9,466.34019969459496,31299.117613661052,79.38708546784028,79.97875919984894,"101.249,-13.0235,0.354535",Aerobic Psychotropic.,20,Cooked Chicken Breast,CFU
167,cubic,9,9,466.34019969459496,31059.7855744962,81.31800154177412,82.106899851119,"139.347,-18.1658,0.539172,-0.00190157",Aerobic Psychotropic.,20,Cooked Chicken Breast,CFU
167,logistic,9,9,466.34019969459496,2050.123660061215,54.85587733462216,55.447551066630815,"456.827,2.62219,42.5015",Aerobic Psychotropic.,20,Cooked Chicken Breast,CFU
167,gompertz,9,9,466.34019969459496,2050.1236856294195,54.85587744686604,55.4475511788747,"456.827,2.50996,42.1913",Aerobic Psychotropic.,20,Cooked Chicken Breast,CFU
168,quadratic,10,10,370.1513562914929,10066.199356285919,75.1435339906229,76.05128926960504,"18.2562,-0.488493,0.00220524",Aerobic Mesophilic.,2,Raw Chicken Breast,CFU
168,cubic,10,10,370.1513562914929,7716.3628979233235,74.48513311797477,75.69547348995096,"83.7413,-1.57957,0.00667414,-5.04136e-06",Aerobic Mesophilic.,2,Raw Chicken Breast,CFU
168,logistic,10,10,370.1513562914929,594.9748763610219,46.85934087056776,47.7670961495499,"384.158,0.0261842,392.241",Aerobic Mesophilic.,2,Raw Chicken Breast,CFU
168,gompertz,10,10,370.1513562914929,1812.447532015822,57.99848345462448,58.906238733606614,"414.865,0.014145,369.948",Aerobic Mesophilic.,2,Raw Chicken Breast,CFU
169,quadratic,14,14,2870.2627103975688,3318444.252693669,179.26329024010354,181.18046222894932,"-31.7156,-1.98663,0.0267566",Aerobic Mesophilic.,7,Raw Chicken Breast,CFU
169,cubic,14,14,2870.2627103975688,2867196.6890316936,179.21703224321809,181.7732615616791,"206.661,-16.1587,0.147657,-0.000259263",Aerobic Mesophilic.,7,Raw Chicken Breast,CFU
169,logistic,14,14,2870.2627103975688,1950660.1529019668,171.8246951701575,173.74186715900328,"1810.46,0.0862074,226.076",Aerobic Mesophilic.,7,Raw Chicken Breast,CFU
169,gompertz,14,14,2870.2627103975688,2058715.853832999,172.579499027868,174.49667101671378,"1790.58,0.0776062,219.598",Aerobic Mesophilic.,7,Raw Chicken Breast,CFU
170,quadratic,7,7,473.3608030021211,42367.76069608654,66.95762989401669,66.79536034118263,"-82.6026,0.485075,0.00121739",Aerobic Mesophilic.,4,Raw Chicken Breast,CFU
170,cubic,7,7,473.3608030021211,13448.102696769194,60.924782138109386,60.70842273433064,"334.924,-6.16196,0.0284286,-3.1723e-05",Aerobic Mesophilic.,4,Raw Chicken Breast,CFU
170,logistic,7,7,473.3608030021211,6373.646204234006,53.69811786809689,53.535848315262825,"421.821,0.0392912,323.756",Aerobic Mesophilic.,4,Raw Chicken Breast,CFU
170,gompertz,7,7,473.3608030021211,7141.126954553878,54.49401011416959,54.33174056133553,"421.42,0.0288086,304.076",Aerobic Mesophilic.,4,Raw Chicken Breast,CFU
171,quadratic,10,10,818.2247785854327,22095.272902246135,83.00533875806858,83.91309403705071,"66.4234,-4.24413,0.0532013",Aerobic Mesophilic.,10,Raw Chicken Breast,CFU
171,cubic,10,10,818.2247785854327,18321.40187980397,83.1324006412979,84.3427410132741,"217.266,-11.4006,0.142116,-0.000314395",Aerobic Mesophilic.,10,Raw Chicken Breast,CFU
171,logistic,10,10,818.2247785854327,16843.65536937251,80.2914423593672,81.19919763834933,"747.294,0.0855596,115.917",Aerobic Mesophilic.,10,Raw Chicken Breast,CFU
171,gompertz,10,10,818.2247785854327,12845.620778708204,77.58173143814092,78.48948671712306,"857.139,0.0402267,112.619",Aerobic Mesophilic.,10,Raw Chicken Breast,CFU
172,quadratic,9,9,1363.233186208626,109991.04947501645,90.69836726146924,91.2900409934779,"-75.097,-2.5982,0.171806",Aerobic Mesophilic.,15,Raw Chicken Breast,CFU
172,cubic,9,9,1363.233186208626,57645.69276428443,86.8836160882471,87.67251439759197,"857.484,-63.6554,1.30727,-0.00621722",Aerobic Mesophilic.,15,Raw Chicken Breast,CFU
172,logistic,9,9,1363.233186208626,62091.42835372939,85.5522478619499,86.14392159395855,"1363.62,0.106516,69.5687",Aerobic Mesophilic.,15,Raw Chicken Breast,CFU
172,gompertz,9,9,1363.233186208626,41972.533752683434,82.02791532962279,82.61958906163144,"1441.92,0.0670462,64.3739",Aerobic Mesophilic.,15,Raw Chicken Breast,CFU
173,quadratic,8,8,455.7491008438239,12229.518068210089,64.65733024414803,64.89565486918754,"99.0912,-14.5553,0.487353",Aerobic Mesophilic.,20,Raw Chicken Breast,CFU
173,cubic,8,8,455.7491008438239,8480.444709698048,63.728613023299545,64.04637919001888,"438.837,-58.2573,2.13265,-0.0186919",Aerobic Mesophilic.,20,Raw Chicken Breast,CFU
173,logistic,8,8,455.7491008438239,789.2955467081183,42.733594343527706,42.97191896856721,"474.999,0.338369,36.2078",Aerobic Mesophilic.,20,Raw Chicken Breast,CFU
173,gompertz,8,8,455.7491008438239,2621.702675146905,52.33710176006085,52.57542638510036,"520.324,0.178503,34.5744",Aerobic Mesophilic.,20,Raw Chicken Breast,CFU
174,quadratic,10,10,396.4780814375644,17621.892312688695,80.74312196455422,81.65087724353636,"17.3436,-0.51091,0.00232844",Aerobic Mesophilic.,2,Salted Chicken Breast,CFU
174,cubic,10,10,396.4780814375644,13007.04429709641,79.70661265699047,80.91695302896666,"108.51,-2.01233,0.00840057,-6.76069e-06",Aerobic Mesophilic.,2,Salted Chicken Breast,CFU
174,logistic,10,10,396.4780814375644,51.695042366841115,22.427767915982187,23.335523194964324,"400.569,0.0335291,387.312",Aerobic Mesophilic.,2,Salted Chicken Breast,CFU
174,gompertz,10,10,396.4780814375644,695.3683792524492,48.418566542379104,49.32632182136124,"415.976,0.0201714,368.657",Aerobic Mesophilic.,2,Salted Chicken Breast,CFU
175,quadratic,7,7,903.7992474058144,129786.9862351095,74.79417768328213,74.63190813044807,"-109.415,0.265639,0.00397254",Aerobic Mesophilic.,4,Salted Chicken Breast,CFU
175,cubic,7,7,903.7992474058144,49199.3769799756,70.00408263235398,69.78772322857523,"585.006,-10.6643,0.0481697,-5.08771e-05",Aerobic Mesophilic.,4,Salted Chicken Breast,CFU
175,logistic,7,7,903.7992474058144,88.444587124744,23.755262508697115,23.592992955863053,"907.245,0.041741,329.494",Aerobic Mesophilic.,4,Salted Chicken Breast,CFU
175,gompertz,7,7,903.7992474058144,416.19669060662903,34.59673469396026,34.434465141126196,"915.298,0.0286207,311.278",Aerobic Mesophilic.,4,Salted Chicken Breast,CFU
176,quadratic,13,13,2088.643864623484,293230.15818728745,136.30892868499473,138.00377675737934,"242.215,-8.39426,0.0431158",Aerobic Mesophilic.,7,Salted Chicken Breast,CFU
176,cubic,13,13,2088.643864623484,115638.82713983381,126.21261005160859,128.47240748145475,"-25.5673,2.57253,-0.0422937,0.000174806",Aerobic Mesophilic.,7,Salted Chicken Breast,CFU
176,logistic,13,13,2088.643864623484,96816.09668319784,121.90304947036883,123.59789754275344,"2493.66,0.0356213,276.217",Aerobic Mesophilic.,7,Salted Chicken Breast,CFU
176,gompertz,13,13,2088.643864623484,88588.72955143393,120.74853734596867,122.44338541835329,"3721.51,0.0148912,282.868",Aerobic Mesophilic.,7,Salted Chicken Breast,CFU
177,quadratic,12,12,427.5511967620706,63463.90885297867,108.87984010790905,110.33456005727305,"-140.828,3.22526,-0.00247476",Aerobic Mesophilic.,10,Salted Chicken Breast,CFU
177,cubic,12,12,427.5511967620706,8760.353181938042,87.1170182108305,89.0566448099825,"293.248,-14.724,0.193991,-0.000610541",Aerobic Mesophilic.,10,Salted Chicken Breast,CFU
177,logistic,12,12,427.5511967620706,19523.991202625126,94.73391187951299,96.18863182887699,"370.974,0.0932221,109.144",Aerobic Mesophilic.,10,Salted Chicken Breast,CFU
177,gompertz,12,12,427.5511967620706,22339.117843776272,96.35025521172614,97.80497516109014,"372.039,0.0647084,102.218",Aerobic Mesophilic.,10,Salted Chicken Breast,CFU
178,quadratic,8,8,532.5898681498361,1083.814381521386,45.27040312718833,45.50872775222784,"131.495,-7.97297,0.115348",Aerobic Mesophilic.,15,Salted Chicken Breast,CFU
178,cubic,8,8,532.5898681498361,463.95509285882775,40.482769785846735,40.80053595256608,"23.1735,-1.0729,-0.0106342,0.000680234",Aerobic Mesophilic.,15,Salted Chicken Breast,CFU
178,logistic,8,8,532.5898681498361,931.8419805596102,44.06177367899966,44.30009830403917,"827.538,0.0726277,94.255",Aerobic Mesophilic.,15,Salted Chicken Breast,CFU
178,gompertz,8,8,532.5898681498361,857.2813564041732,43.39459701514829,43.6329216401878,"1437.84,0.0271561,102.44",Aerobic Mesophilic.,15,Salted Chicken Breast,CFU
179,quadratic,8,8,423.9236733143055,6713.504317806327,59.859478439884164,60.09780306492367,"57.1745,-12.5157,0.422553",Aerobic Mesophilic.,20,Salted Chicken Breast,CFU
179,cubic,8,8,423.9236733143055,2418.0219587878664,53.69010856670582,54.00787473342516,"-5.63091,3.92317,-0.409935,0.0111396",Aerobic Mesophilic.,20,Salted Chicken Breast,CFU
179,logistic,8,8,423.9236733143055,380.763433337676,36.901893845821064,37.14021847086057,"484.144,0.289179,40.2854",Aerobic Mesophilic.,20,Salted Chicken Breast,CFU
179,gompertz,8,8,423.9236733143055,1026.6776145600368,44.83713367276258,45.075458297802086,"621.163,0.135147,39.8939",Aerobic Mesophilic.,20,Salted Chicken Breast,CFU
180,quadratic,9,9,770.3165594715854,149452.19225895673,93.4575653320238,94.04923906403246,"-1.28084,-0.622283,0.00352398",Aerobic Mesophilic.,2,Cooked Chicken Breast,CFU
180,cubic,9,9,770.3165594715854,120879.98284053928,93.54795989890297,94.33685820824785,"221.069,-4.39401,0.0190672,-1.75839e-05",Aerobic Mesophilic.,2,Cooked Chicken Breast,CFU
180,logistic,9,9,770.3165594715854,25275.77013257675,77.46339242597884,78.0550661579875,"667.335,0.294259,384.43",Aerobic Mesophilic.,2,Cooked Chicken Breast,CFU
180,gompertz,9,9,770.3165594715854,25275.77039658047,77.46339251998322,78.05506625199187,"667.335,0.274848,382.29",Aerobic Mesophilic.,2,Cooked Chicken Breast,CFU
181,quadratic,6,6,11798.389621144628,56164001.09032962,102.31216254241158,101.68744095009575,"-3834.56,18.5137,0.00776459",Aerobic Mesophilic.,4,Cooked Chicken Breast,CFU
181,cubic,6,6,11798.389621144628,30968713.314453706,100.74037121400144,99.90740909091366,"37775.4,-457.175,1.62288,-0.00167403",Aerobic Mesophilic.,4,Cooked Chicken Breast,CFU
181,logistic,6,6,11798.389621144628,27578248.97084689,98.04467081996407,97.41994922764823,"8087.29,0.397018,361.871",Aerobic Mesophilic.,4,Cooked Chicken Breast,CFU
181,gompertz,6,6,11798.389621144628,31791553.942251533,98.89771046366606,98.27298887135022,"8087.08,0.806613,387.12",Aerobic Mesophilic.,4,Cooked Chicken Breast,CFU
182,quadratic,11,11,8258.173066361318,22845532.500417523,166.0100795610438,167.20376537943892,"655.728,-24.3379,0.140346",Aerobic Mesophilic.,7,Cooked Chicken Breast,CFU
182,cubic,11,11,8258.173066361318,22127946.437651426,167.65902303468127,169.25060412587476,"1677.27,-56.0065,0.362881,-0.000431584",Aerobic Mesophilic.,7,Cooked Chicken Breast,CFU
182,logistic,11,11,8258.173066361318,6667926.67438616,152.46416678686364,153.65785260525877,"6395.43,1.18124,244.031",Aerobic Mesophilic.,7,Cooked Chicken Breast,CFU
182,gompertz,11,11,8258.173066361318,6667926.71694297,152.4641668570691,153.65785267546423,"6395.43,0.900066,243.532",Aerobic Mesophilic.,7,Cooked Chicken Breast,CFU
183,quadratic,11,11,3565.3678241919883,4594975.157366251,148.3683649796079,149.562050798003,"-292.937,2.13036,0.071904",Aerobic Mesophilic.,10,Cooked Chicken Breast,CFU
183,cubic,11,11,3565.3678241919883,2636950.336990237,144.2596219513351,145.8512030425286,"1037.48,-71.9798,0.983142,-0.00300223",Aerobic Mesophilic.,10,Cooked Chicken Breast,CFU
183,logistic,11,11,3565.3678241919883,1987163.8972605802,139.14756103126797,140.3412468496631,"2483.78,0.198286,118.859",Aerobic Mesophilic.,10,Cooked Chicken Breast,CFU
183,gompertz,11,11,3565.3678241919883,1997790.583755903,139.20622861660425,140.39991443499937,"2488.1,0.126325,115.676",Aerobic Mesophilic.,10,Cooked Chicken Breast,CFU
184,quadratic,9,9,3916.1971916150706,217510.90837288025,96.83501733919991,97.42669107120857,"514.706,-42.3969,0.719186",Aerobic Mesophilic.,15,Cooked Chicken Breast,CFU
184,cubic,9,9,3916.1971916150706,216421.44934221954,98.78982526396643,99.57872357331131,"456.386,-37.7732,0.624487,0.000543029",Aerobic Mesophilic.,15,Cooked Chicken Breast,CFU
184,logistic,9,9,3916.1971916150706,1333.8635119861297,50.987492961466664,51.57916669347532,"4206.74,0.11174,81.6418",Aerobic Mesophilic.,15,Cooked Chicken Breast,CFU
184,gompertz,9,9,3916.1971916150706,10420.149411611235,69.48844869115104,70.0801224231597,"5075.46,0.0529168,79.2938",Aerobic Mesophilic.,15,Cooked Chicken Breast,CFU
185,quadratic,10,10,1456.134141795412,113286.58003678119,99.35090900729432,100.25866428627646,"194.588,-36.6367,1.27795",Aerobic Mesophilic.,20,Cooked Chicken Breast,CFU
185,cubic,10,10,1456.134141795412,110747.04170067135,101.12418883050225,102.33452920247844,"137.61,-25.6631,0.771868,0.00636849",Aerobic Mesophilic.,20,Cooked Chicken Breast,CFU
185,logistic,10,10,1456.134141795412,74.27097368880031,26.05135118723753,26.959106466219666,"1494.98,0.326953,38.7058",Aerobic Mesophilic.,20,Cooked Chicken Breast,CFU
185,gompertz,10,10,1456.134141795412,6055.07923730789,70.06067649168116,70.9684317706633,"1626.96,0.183711,37.1259",Aerobic Mesophilic.,20,Cooked Chicken Breast,CFU
186,quadratic,7,7,16877.039392171493,3761489.1230468685,98.36090731888874,98.19863776605467,"195.42,-835.555,585.71",Spoilage,8,Vacuum Beef Striploins,N
186,cubic,7,7,16877.039392171493,3482245.182430356,99.82094363420578,99.60458423042702,"-23.2414,-111.483,261.661,35.8685",Spoilage,8,Vacuum Beef Striploins,N
186,logistic,7,7,16877.039392171493,4764760.031627857,100.0159330888627,99.85366353602863,"33242.7,0.780339,6.01044",Spoilage,8,Vacuum Beef Striploins,N
186,gompertz,7,7,16877.039392171493,4767378.748945851,100.01977923968134,99.85750968684728,"44103.6,0.33592,6.01044",Spoilage,8,Vacuum Beef Striploins,N
187,quadratic,6,6,514.7892723216077,3583.1958702049187,44.35350547872319,43.728783886407356,"97.215,-81.3713,25.3422",Escherichia coli,8,Vacuum Beef Striploins,N
187,cubic,6,6,514.7892723216077,2176.7325157531254,43.36292429706178,42.529962173974,"-18.1765,64.1935,-22.8257,4.57753",Escherichia coli,8,Vacuum Beef Striploins,N
187,logistic,6,6,514.7892723216077,3554.5338291221515,44.30531840017343,43.68059680785759,"1058.26,0.813489,6.01745",Escherichia coli,8,Vacuum Beef Striploins,N
187,gompertz,6,6,514.7892723216077,6291.0389447551015,47.7307322452417,47.10601065292586,"1403.49,0.352691,6.01745",Escherichia coli,8,Vacuum Beef Striploins,N
188,quadratic,7,7,85.9740238244398,526.9559139822467,36.248447189129095,36.08617763629504,"62.9375,-27.499,5.91586",Salmonella Typhimurium,8,Vacuum Beef Striploins,N
188,cubic,7,7,85.9740238244398,24.150591275358746,16.66879099936683,16.452431595588084,"53.4547,3.32803,-7.8398,1.52002",Salmonella Typhimurium,8,Vacuum Beef Striploins,N
188,logistic,7,7,85.9740238244398,3145.4862550137777,48.75469534150544,48.59242578867138,"178.57,0.27354,6.01652",Salmonella Typhimurium,8,Vacuum Beef Striploins,N
188,gompertz,7,7,85.9740238244398,3309.3890229351614,49.110261019433196,48.947991466599134,"232.667,0.117151,6.01652",Salmonella Typhimurium,8,Vacuum Beef Striploins,N
189,quadratic,6,6,13521.362097869956,1235651.8158741866,79.41209823431394,78.78737664199811,"-38.0327,402.879,481.231",Spoilage,10,Vacuum Beef Striploins,N
189,cubic,6,6,13521.362097869956,781767.1577481051,78.66531652233272,77.83235439924493,"215.696,-747.903,1108.76,-83.4086",Spoilage,10,Vacuum Beef Striploins,N
189,logistic,6,6,13521.362097869956,378665.2706667584,72.31589060244478,71.69116901012895,"16613.5,1.13337,3.63948",Spoilage,10,Vacuum Beef Striploins,N
189,gompertz,6,6,13521.362097869956,619967.5604680814,75.27397778759226,74.64925619527642,"25205.1,0.453908,3.8937",Spoilage,10,Vacuum Beef Striploins,N
190,quadratic,6,6,2738.8997170506486,254530.16475248683,69.93249098562666,69.30776939331082,"-69.8852,263.996,61.9711",Escherichia coli,10,Vacuum Beef Striploins,N
190,cubic,6,6,2738.8997170506486,188522.32842687014,70.1312735769204,69.29831145383262,"26.2912,-173.182,300.251,-31.6349",Escherichia coli,10,Vacuum Beef Striploins,N
190,logistic,6,6,2738.8997170506486,240208.30000596194,69.58501364019405,68.96029204787821,"2905.17,1.21028,3.09242",Escherichia coli,10,Vacuum Beef Striploins,N
190,gompertz,6,6,2738.8997170506486,183451.34651451756,67.96767180289318,67.34295021057734,"3340.29,0.673939,2.78802",Escherichia coli,10,Vacuum Beef Striploins,N
191,quadratic,6,6,336.33831679418273,525.8790400144196,32.83987053068747,32.215148938371634,"54.139,-36.7665,20.1743",Salmonella Typhimurium,10,Vacuum Beef Striploins,N
191,cubic,6,6,336.33831679418273,173.12940925373428,28.173679256017138,27.340717132929356,"47.1147,-4.80332,2.73697,2.31686",Salmonella Typhimurium,10,Vacuum Beef Striploins,N
191,logistic,6,6,336.33831679418273,1733.2041471100174,39.9958056802942,39.37108408797836,"750.024,0.776929,5.01626",Salmonella Typhimurium,10,Vacuum Beef Striploins,N
191,gompertz,6,6,336.33831679418273,3822.2683248394455,44.741039150734345,44.11631755841851,"998.469,0.343304,5.01626",Salmonella Typhimurium,10,Vacuum Beef Striploins,N
192,quadratic,9,9,13623.150720911872,9485691.426605765,130.81263430385803,131.40430803586668,"-541.868,181.286,95.287",Spoilage,10,C02 Beef Striploins,N
192,cubic,9,9,13623.150720911872,2848678.6810389087,121.9862712204369,122.77516952978178,"612.635,-1315.31,429.616,-18.779",Spoilage,10,C02 Beef Striploins,N
192,logistic,9,9,13623.150720911872,988339.0233069456,110.4590083337998,111.05068206580846,"14853,0.692924,7.85048",Spoilage,10,C02 Beef Striploins,N
192,gompertz,9,9,13623.150720911872,1896571.0224051888,116.32500160145062,116.91667533345928,"17144.9,0.35412,7.2308",Spoilage,10,C02 Beef Striploins,N
193,quadratic,9,9,2005.3464549670084,188965.45560016748,95.56885432858162,96.16052806059028,"247.993,-151.756,23.9581",Escherichia coli,10,C02 Beef Striploins,N
193,cubic,9,9,2005.3464549670084,20218.095760980712,77.45397861309742,78.24287692244229,"66.6151,86.316,-29.4624,3.00884",Escherichia coli,10,C02 Beef Striploins,N
193,logistic,9,9,2005.3464549670084,56541.268972546364,84.70951347715055,85.30118720915921,"4135.94,0.543481,12.0342",Escherichia coli,10,C02 Beef Striploins,N
193,gompertz,9,9,2005.3464549670084,116838.0372080868,91.24187442046927,91.83354815247793,"5584.69,0.251056,12.0342",Escherichia coli,10,C02 Beef Striploins,N
194,quadratic,7,7,15193.489647905577,7014035.827638119,102.72259568042318,102.56032612758912,"726.197,-2593.9,1097.28",Spoilage,12,Vacuum Beef Striploins,N
194,cubic,7,7,15193.489647905577,5032753.875472385,102.39897413349277,102.18261472971402,"205.703,-309.304,-139.593,165.774",Spoilage,12,Vacuum Beef Striploins,N
194,logistic,7,7,15193.489647905577,2917528.1199191203,96.58235992681678,96.42009037398272,"18237.7,2.11765,4.17752",Spoilage,12,Vacuum Beef Striploins,N
194,gompertz,7,7,15193.489647905577,3847261.461115654,98.51873396715175,98.35646441431768,"30371.2,0.731448,4.44638",Spoilage,12,Vacuum Beef Striploins,N
195,quadratic,7,7,7525.477698740084,2560994.1336506777,95.66997147833064,95.50770192549658,"526.331,-1525.82,565.502",Escherichia coli,12,Vacuum Beef Striploins,N
195,cubic,7,7,7525.477698740084,764189.204339711,89.20462376664776,88.988264362869,"31.6009,637.273,-602.112,156.078",Escherichia coli,12,Vacuum Beef Striploins,N
195,logistic,7,7,7525.477698740084,536870.4059936409,84.73321305983161,84.57094350699755,"8734.71,2.7173,4.29006",Escherichia coli,12,Vacuum Beef Striploins,N
195,gompertz,7,7,7525.477698740084,749589.3343556684,87.06959442611537,86.90732487328131,"20762.3,0.671843,5",Escherichia coli,12,Vacuum Beef Striploins,N
196,quadratic,6,6,1292.7098139136679,20749.32513230118,54.89105719294415,54.26633560062832,"261.692,-265.322,95.184",Salmonella Typhimurium,12,Vacuum Beef Striploins,N
196,cubic,6,6,1292.7098139136679,13830.635734556718,54.457291532994695,53.62432940990691,"-85.8032,213.459,-84.6879,19.9123",Salmonella Typhimurium,12,Vacuum Beef Striploins,N
196,logistic,6,6,1292.7098139136679,19642.513320788727,54.5621524438996,53.93743085158376,"2633.09,1.00239,4.9884",Salmonella Typhimurium,12,Vacuum Beef Striploins,N
196,gompertz,6,6,1292.7098139136679,33627.70537167801,57.78807660953915,57.16335501722331,"3483.92,0.438487,4.9884",Salmonella Typhimurium,12,Vacuum Beef Striploins,N
197,quadratic,7,7,12761.225300038946,16875259.465134904,108.86814314882733,108.70587359599327,"-2251.46,1195.71,64.0192",Spoilage,12,C02 Beef Striploins,N
197,cubic,7,7,12761.225300038946,8286395.732964717,105.88950857456342,105.67314917078467,"3319.33,-4221.74,1352.71,-85.7567",Spoilage,12,C02 Beef Striploins,N
197,logistic,7,7,12761.225300038946,3960444.0925854184,98.72169600735924,98.55942645452518,"11928.3,9.36865,5.05001",Spoilage,12,C02 Beef Striploins,N
197,gompertz,7,7,12761.225300038946,3960443.9801868517,98.72169580869719,98.55942625586313,"11928.3,10.3934,4.99451",Spoilage,12,C02 Beef Striploins,N
198,quadratic,7,7,380.8255120912039,6631.231495674265,53.97544963980886,53.813180086974796,"127.021,-71.3568,10.9987",Escherichia coli,12,C02 Beef Striploins,N
198,cubic,7,7,380.8255120912039,314.7766987281609,34.64167341822312,34.425314014444375,"-17.9201,71.3186,-23.1508,2.27972",Escherichia coli,12,C02 Beef Striploins,N
198,logistic,7,7,380.8255120912039,5684.5919715646205,52.897231372191754,52.73496181935769,"808.539,0.795836,9.00641",Escherichia coli,12,C02 Beef Striploins,N
198,gompertz,7,7,380.8255120912039,8106.024652605578,55.381168895849484,55.21889934301542,"1097.94,0.381927,9.00641",Escherichia coli,12,C02 Beef Striploins,N
199,quadratic,7,7,254.19583464843447,4203.984337515276,50.78514500123834,50.62287544840428,"19.726,13.2384,2.29041",Salmonella Typhimurium,12,C02 Beef Striploins,N
199,cubic,7,7,254.19583464843447,1641.7244356675708,46.20314613151938,45.986786727740636,"115.06,-79.7503,24.4315,-1.47347",Salmonella Typhimurium,12,C02 Beef Striploins,N
199,logistic,7,7,254.19583464843447,2704.641679719727,47.69770197280244,47.53543241996838,"363.03,0.535852,5.70942",Salmonella Typhimurium,12,C02 Beef Striploins,N
199,gompertz,7,7,254.19583464843447,3525.7479837075944,49.55356416348492,49.39129461065086,"562.986,0.207557,6.36588",Salmonella Typhimurium,12,C02 Beef Striploins,N
200,quadratic,5,5,10243.284116941217,1380810.7396969663,68.64371732363571,67.47203106093801,"543.014,-2240.39,1278.64",Spoilage,15,Vacuum Beef Striploins,N
200,cubic,5,5,10243.284116941217,,,,SKIPPED_insufficient_points,Spoilage,15,Vacuum Beef Striploins,N
200,logistic,5,5,10243.284116941217,27102.55806208291,48.98972741706852,47.818041154370825,"20771.3,1.68743,3.7431",Spoilage,15,Vacuum Beef Striploins,N
200,gompertz,5,5,10243.284116941217,277478.56761783815,60.620305314711246,59.44861905201355,"28145.6,0.739139,3.7431",Spoilage,15,Vacuum Beef Striploins,N
201,quadratic,5,5,9166.75878961449,1115979.831987418,67.57902718815068,66.40734092545297,"-193.113,99.6089,661.047",Escherichia coli,15,Vacuum Beef Striploins,N
201,cubic,5,5,9166.75878961449,,,,SKIPPED_insufficient_points,Escherichia coli,15,Vacuum Beef Striploins,N
201,logistic,5,5,9166.75878961449,15243.307884065856,46.112289730071105,44.94060346737341,"9820.73,2.19799,2.5277",Escherichia coli,15,Vacuum Beef Striploins,N
201,gompertz,5,5,9166.75878961449,18795.56403373669,47.159691264448604,45.988005001750906,"11312.8,1.13421,2.35792",Escherichia coli,15,Vacuum Beef Striploins,N
202,quadratic,5,5,5431.228707154072,3952577.8695191317,73.90220318385354,72.73051692115584,"-369.6,912.134,213.064",Salmonella Typhimurium,15,Vacuum Beef Striploins,N
202,cubic,5,5,5431.228707154072,,,,SKIPPED_insufficient_points,Salmonella Typhimurium,15,Vacuum Beef Striploins,N
202,logistic,5,5,5431.228707154072,24676.564576624147,48.52085678609038,47.34917052339268,"5506.81,4.65904,2.10849",Salmonella Typhimurium,15,Vacuum Beef Striploins,N
202,gompertz,5,5,5431.228707154072,36292.79879213116,50.449683538783944,49.277997276086246,"5498.54,3.75966,1.95134",Salmonella Typhimurium,15,Vacuum Beef Striploins,N
203,quadratic,7,7,6754.5869998977305,2308351.268099756,94.94293759300581,94.78066804017175,"543.532,-1128.1,357.526",Spoilage,15,C02 Beef Striploins,N
203,cubic,7,7,6754.5869998977305,517782.17527367995,86.47979840884447,86.26343900506572,"3.81984,740.935,-516.782,100.938",Spoilage,15,C02 Beef Striploins,N
203,logistic,7,7,6754.5869998977305,493664.03614892735,84.14590228887485,83.98363273604079,"13422.7,1.37185,5.80499",Spoilage,15,C02 Beef Striploins,N
203,gompertz,7,7,6754.5869998977305,966698.6857364656,88.85012385902262,88.68785430618856,"17972.1,0.610282,5.80499",Spoilage,15,C02 Beef Striploins,N
204,quadratic,7,7,4256.258623296393,551463.0883959457,84.92094025835641,84.75867070552235,"278.342,-648.77,220.953",Escherichia coli,15,C02 Beef Striploins,N
204,cubic,7,7,4256.258623296393,41504.71320320617,68.81356485313448,68.59720544935573,"-5.62779,349.396,-246.652,54.0091",Escherichia coli,15,C02 Beef Striploins,N
204,logistic,7,7,4256.258623296393,29235.85411299696,64.36068676588015,64.19841721304608,"8551.27,1.21196,5.80317",Escherichia coli,15,C02 Beef Striploins,N
204,gompertz,7,7,4256.258623296393,132967.0329896375,74.96362448615365,74.80135493331959,"11500.9,0.548387,5.80317",Escherichia coli,15,C02 Beef Striploins,N
205,quadratic,7,7,2291.063347024397,58249.30223182807,69.18604070413704,69.023771151303,"119.708,-230.005,101.673",Salmonella Typhimurium,15,C02 Beef Striploins,N
205,cubic,7,7,2291.063347024397,11232.94105134392,59.664870297333444,59.4485108935547,"33.2237,71.7763,-39.3676,16.2585",Salmonella Typhimurium,15,C02 Beef Striploins,N
205,logistic,7,7,2291.063347024397,17893.364484572146,60.92392552403184,60.761655971197776,"4599.89,0.926586,5.81442",Salmonella Typhimurium,15,C02 Beef Striploins,N
205,gompertz,7,7,2291.063347024397,58465.93209664509,69.21202550044508,69.04975594761102,"6104.96,0.403365,5.81442",Salmonella Typhimurium,15,C02 Beef Striploins,N
206,quadratic,6,6,12863.606846870362,2767951.585679283,84.25115181369526,83.62643022137942,"488.835,-4459.33,6290.01",Spoilage,20,Vacuum Beef Striploins,N
206,cubic,6,6,12863.606846870362,2420923.8945930707,85.44740198403596,84.61443986094818,"235.862,-1159.12,1626.3,1644.9",Spoilage,20,Vacuum Beef Striploins,N
206,logistic,6,6,12863.606846870362,1734053.199276893,81.44527588028654,80.82055428797071,"16130.7,4.35307,1.47281",Spoilage,20,Vacuum Beef Striploins,N
206,gompertz,6,6,12863.606846870362,2211292.7434094744,82.90397031010365,82.27924871778781,"35655.9,1.29284,1.80778",Spoilage,20,Vacuum Beef Striploins,N
207,quadratic,6,6,14748.091475764875,13649416.786961801,93.82468729934695,93.19996570703111,"-897.562,6981.56,1337.74",Escherichia coli,20,Vacuum Beef Striploins,N
207,cubic,6,6,14748.091475764875,3317193.0202299007,87.33722022928383,86.50425810619605,"481.098,-11005.9,26768.2,-8973.18",Escherichia coli,20,Vacuum Beef Striploins,N
207,logistic,6,6,14748.091475764875,51069.76464592722,60.29513065165568,59.670409059339846,"14921,6.14141,1.04139",Escherichia coli,20,Vacuum Beef Striploins,N
207,gompertz,6,6,14748.091475764875,71162.02716151516,62.28573095711818,61.66100936480235,"15167.3,4.50227,0.950242",Escherichia coli,20,Vacuum Beef Striploins,N
208,quadratic,6,6,10912.324268065662,4461450.822282187,87.11535059007954,86.49062899776371,"-2.54194,-1427.87,4340.59",Salmonella Typhimurium,20,Vacuum Beef Striploins,N
208,cubic,6,6,10912.324268065662,3584904.4433051245,87.80289744707258,86.9699353239848,"399.016,-6667.01,11747.6,-2613.59",Salmonella Typhimurium,20,Vacuum Beef Striploins,N
208,logistic,6,6,10912.324268065662,599021.0411169326,75.0677552059556,74.44303361363977,"11444.4,6.47248,1.2757",Salmonella Typhimurium,20,Vacuum Beef Striploins,N
208,gompertz,6,6,10912.324268065662,1373668.874662494,80.04741755878386,79.42269596646803,"12918.5,3.18234,1.20336",Salmonella Typhimurium,20,Vacuum Beef Striploins,N
209,quadratic,6,6,4946.4284416389255,603001.7386106346,75.10749533847097,74.48277374615513,"478.561,-2709.88,2851.86",Spoilage,20,C02 Beef Striploins,N
209,cubic,6,6,4946.4284416389255,63347.46456440775,63.587784158354125,62.75482203526634,"169.885,1085.1,-2611.57,1956.31",Spoilage,20,C02 Beef Striploins,N
209,logistic,6,6,4946.4284416389255,143656.45476604253,66.50052316889158,65.87580157657574,"10268.5,3.49193,1.80727",Spoilage,20,C02 Beef Striploins,N
209,gompertz,6,6,4946.4284416389255,261455.33149550942,70.093555573245,69.46883398092916,"13919.9,1.58693,1.80727",Spoilage,20,C02 Beef Striploins,N
210,quadratic,6,6,9385.466152378798,7235859.942521219,90.0168018025955,89.39208021027966,"-395.849,3240.16,1513.82",Escherichia coli,20,C02 Beef Striploins,N
210,cubic,6,6,9385.466152378798,3789583.327396979,88.13604297071548,87.3030808476277,"379.863,-6344.08,15321.5,-4944.76",Escherichia coli,20,C02 Beef Striploins,N
210,logistic,6,6,9385.466152378798,2767256.490067519,84.24964488798065,83.62492329566481,"10261.9,4.79891,1.11601",Escherichia coli,20,C02 Beef Striploins,N
210,gompertz,6,6,9385.466152378798,3529292.8585895537,85.70909169760972,85.08437010529389,"10954.5,2.79988,0.989047",Escherichia coli,20,C02 Beef Striploins,N
211,quadratic,6,6,5561.205983195986,5607822.89315087,88.48748194117574,87.86276034885991,"-137.614,566.103,1527.6",Salmonella Typhimurium,20,C02 Beef Striploins,N
211,cubic,6,6,5561.205983195986,4007877.898156028,88.4720779251368,87.63911580204902,"389.591,-5958.79,10933.2,-3369.69",Salmonella Typhimurium,20,C02 Beef Striploins,N
211,logistic,6,6,5561.205983195986,408873.5427249871,72.77641038898447,72.15168879666864,"5387.65,94.7995,1.2045",Salmonella Typhimurium,20,C02 Beef Striploins,N
211,gompertz,6,6,5561.205983195986,408873.520824333,72.7764100676041,72.15168847528827,"5387.65,116.194,1.19907",Salmonella Typhimurium,20,C02 Beef Striploins,N
212,quadratic,5,5,9705.311423584057,95570.76737125803,55.290921796047925,54.11923553335023,"-47.0728,151.609,6767.41",Spoilage,30,Vacuum Beef Striploins,N
212,cubic,5,5,9705.311423584057,,,,SKIPPED_insufficient_points,Spoilage,30,Vacuum Beef Striploins,N
212,logistic,5,5,9705.311423584057,356853.89369872387,61.87821901604641,60.70653275334871,"16918.6,3.56464,1.10351",Spoilage,30,Vacuum Beef Striploins,N
212,gompertz,5,5,9705.311423584057,214716.0758426975,59.33816972234508,58.16648345964738,"26511.8,1.47631,1.19574",Spoilage,30,Vacuum Beef Striploins,N
213,quadratic,6,6,10821.929720095568,13156638.608384121,93.60406534267244,92.9793437503566,"-1069.79,15854.3,-5201.83",Escherichia coli,30,Vacuum Beef Striploins,N
213,cubic,6,6,10821.929720095568,7634656.73882015,92.33869440499382,91.50573228190603,"-38.3232,-4864.84,39016.6,-23580",Escherichia coli,30,Vacuum Beef Striploins,N
213,logistic,6,6,10821.929720095568,2066065.8442571475,82.4963839759861,81.87166238367027,"9962.61,130.437,0.641877",Escherichia coli,30,Vacuum Beef Striploins,N
213,gompertz,6,6,10821.929720095568,2066065.8545393706,82.49638400584641,81.87166241353057,"9962.61,127.089,0.639669",Escherichia coli,30,Vacuum Beef Striploins,N
214,quadratic,6,6,5980.487813750675,1322508.2661742,79.81968734329365,79.19496575097781,"-251.51,3039.48,2132.1",Salmonella Typhimurium,30,Vacuum Beef Striploins,N
214,cubic,6,6,5980.487813750675,459722.8620869702,75.47971786371814,74.64675574063035,"166.421,-5219.86,19686.5,-9337.66",Salmonella Typhimurium,30,Vacuum Beef Striploins,N
214,logistic,6,6,5980.487813750675,47193.5873865424,59.82152299596669,59.19680140365085,"6009.09,9.02694,0.720105",Salmonella Typhimurium,30,Vacuum Beef Striploins,N
214,gompertz,6,6,5980.487813750675,27122.200655585762,56.49809048790996,55.873368895594126,"6155.46,6.54652,0.664423",Salmonella Typhimurium,30,Vacuum Beef Striploins,N
215,quadratic,7,7,5479.344215784054,631211.0206734685,85.86639751427155,85.7041279614375,"366.558,-3642.6,5065.73",Spoilage,30,C02 Beef Striploins,N
215,cubic,7,7,5479.344215784054,47417.06310785537,69.74579092519991,69.52943152142116,"26.5935,1882.77,-5108.1,4679.5",Spoilage,30,C02 Beef Striploins,N
215,logistic,7,7,5479.344215784054,65441.891226351654,70.0010540537333,69.83878450089924,"11048.5,4.67976,1.40325",Spoilage,30,C02 Beef Striploins,N
215,gompertz,7,7,5479.344215784054,296222.287918239,80.57068692576114,80.40841737292708,"14740,2.04885,1.40325",Spoilage,30,C02 Beef Striploins,N
216,quadratic,7,7,8176.43368104524,4271398.411203062,99.250791755121,99.08852220228694,"-689.521,8125.68,-1170.8",Escherichia coli,30,C02 Beef Striploins,N
216,cubic,7,7,8176.43368104524,266618.70800696564,81.83365295445101,81.61729355067226,"202.887,-6432.52,25618.1,-12315.3",Escherichia coli,30,C02 Beef Striploins,N
216,logistic,7,7,8176.43368104524,595854.9738012503,85.46289704383638,85.30062749100232,"8003.65,7.26496,0.712964",Escherichia coli,30,C02 Beef Striploins,N
216,gompertz,7,7,8176.43368104524,775492.654149902,87.3074054806547,87.14513592782063,"8111.14,5.46097,0.641952",Escherichia coli,30,C02 Beef Striploins,N
217,quadratic,7,7,6530.604571595836,7055764.032098774,102.76411699423964,102.60184744140558,"-605.914,7203.68,-1985.75",Salmonella Typhimurium,30,C02 Beef Striploins,N
217,cubic,7,7,6530.604571595836,3133835.5016611116,99.08300644214168,98.86664703836293,"275.421,-7108.63,24347.5,-12108",Salmonella Typhimurium,30,C02 Beef Striploins,N
217,logistic,7,7,6530.604571595836,2009809.935684969,93.9734839700375,93.81121441720344,"5489.96,13.9783,0.709134",Salmonella Typhimurium,30,C02 Beef Striploins,N
217,gompertz,7,7,6530.604571595836,2141546.0007263264,94.41789885153085,94.25562929869679,"5472.81,11.2352,0.665251",Salmonella Typhimurium,30,C02 Beef Striploins,N
218,quadratic,6,6,462.62826641242435,2005.4414882525061,40.8711602394942,40.246438647178365,"16.7878,-0.0274876,5.07087e-06",Serratia marcescens,6,Pasteurised Skim Milk,N
218,cubic,6,6,462.62826641242435,4.04546657492023,5.6350245243028105,4.80206240121503,"0.741418,0.0071107,-3.49271e-06,4.77422e-10",Serratia marcescens,6,Pasteurised Skim Milk,N
218,logistic,6,6,462.62826641242435,2111.7292382814303,41.18101779484969,40.55629620253385,"745.636,0.114781,12406.1",Serratia marcescens,6,Pasteurised Skim Milk,N
218,gompertz,6,6,462.62826641242435,2111.7292382814303,41.18101779484969,40.55629620253385,"463.942,0.0630614,12295.7",Serratia marcescens,6,Pasteurised Skim Milk,N
219,quadratic,7,7,406.78785915933736,2731.0318673836255,47.76567248777235,47.60340293493829,"8.292,-0.0275277,4.04203e-06",Serratia marcescens,6,UHT Skim Milk,N
219,cubic,7,7,406.78785915933736,1464.116937546471,45.40168192354544,45.18532251976669,"1.38566,-0.00130652,-1.38223e-06,2.66973e-10",Serratia marcescens,6,UHT Skim Milk,N
219,logistic,7,7,406.78785915933736,2163.8768728696145,46.13622613950426,45.9739565866702,"694.899,0.00055241,13059.4",Serratia marcescens,6,UHT Skim Milk,N
219,gompertz,7,7,406.78785915933736,106845.15804972767,73.43258056687071,73.27031101403665,"408.505,0.0551558,13494.3",Serratia marcescens,6,UHT Skim Milk,N
220,quadratic,4,4,1636.7562451972062,,,,SKIPPED_insufficient_points,Serratia marcescens,10,Pasteurised Skim Milk,N
220,cubic,4,4,1636.7562451972062,,,,SKIPPED_insufficient_points,Serratia marcescens,10,Pasteurised Skim Milk,N
220,logistic,4,4,1636.7562451972062,,,,SKIPPED_insufficient_points,Serratia marcescens,10,Pasteurised Skim Milk,N
220,gompertz,4,4,1636.7562451972062,,,,SKIPPED_insufficient_points,Serratia marcescens,10,Pasteurised Skim Milk,N
221,quadratic,4,4,1078.1911203483958,,,,SKIPPED_insufficient_points,Serratia marcescens,10,UHT Skim Milk,N
221,cubic,4,4,1078.1911203483958,,,,SKIPPED_insufficient_points,Serratia marcescens,10,UHT Skim Milk,N
221,logistic,4,4,1078.1911203483958,,,,SKIPPED_insufficient_points,Serratia marcescens,10,UHT Skim Milk,N
221,gompertz,4,4,1078.1911203483958,,,,SKIPPED_insufficient_points,Serratia marcescens,10,UHT Skim Milk,N
222,quadratic,4,4,3254.0271570590053,,,,SKIPPED_insufficient_points,Serratia marcescens,15,Pasteurised Skim Milk,N
222,cubic,4,4,3254.0271570590053,,,,SKIPPED_insufficient_points,Serratia marcescens,15,Pasteurised Skim Milk,N
222,logistic,4,4,3254.0271570590053,,,,SKIPPED_insufficient_points,Serratia marcescens,15,Pasteurised Skim Milk,N
222,gompertz,4,4,3254.0271570590053,,,,SKIPPED_insufficient_points,Serratia marcescens,15,Pasteurised Skim Milk,N
223,quadratic,4,4,2762.957128879975,,,,SKIPPED_insufficient_points,Serratia marcescens,15,UHT Skim Milk,N
223,cubic,4,4,2762.957128879975,,,,SKIPPED_insufficient_points,Serratia marcescens,15,UHT Skim Milk,N
223,logistic,4,4,2762.957128879975,,,,SKIPPED_insufficient_points,Serratia marcescens,15,UHT Skim Milk,N
223,gompertz,4,4,2762.957128879975,,,,SKIPPED_insufficient_points,Serratia marcescens,15,UHT Skim Milk,N
224,quadratic,8,8,733.574309729187,25122.92343776256,70.41675560818098,70.65508023322049,"38.827,-0.0637299,9.45901e-06",Serratia marcescens,6,Pasteurised Full-fat Milk,N
224,cubic,8,8,733.574309729187,1843.8263411974435,51.5212534635707,51.839019630290046,"-0.838129,0.0397042,-1.40349e-05,1.29748e-09",Serratia marcescens,6,Pasteurised Full-fat Milk,N
224,logistic,8,8,733.574309729187,219685.2257578004,87.76407573667497,88.00240036171448,"734.577,5.7627,11946.4",Serratia marcescens,6,Pasteurised Full-fat Milk,N
224,gompertz,8,8,733.574309729187,219685.22575020863,87.76407573639851,88.00240036143802,"734.574,0.173661,11936.3",Serratia marcescens,6,Pasteurised Full-fat Milk,N
225,quadratic,7,7,1031.722139343835,73054.86296400084,70.77139085379838,70.60912130096432,"66.5064,-0.132333,2.47259e-05",Serratia marcescens,6,UHT Full-fat Milk,N
225,cubic,7,7,1031.722139343835,19340.93647253976,63.468483282221946,63.2521238784432,"0.48571,0.073175,-3.78269e-05,4.58436e-09",Serratia marcescens,6,UHT Full-fat Milk,N
225,logistic,7,7,1031.722139343835,18.15253220656644,12.670299422062254,12.508029869228194,"1103.38,0.00203089,7923.26",Serratia marcescens,6,UHT Full-fat Milk,N
225,gompertz,7,7,1031.722139343835,14586.1181690217,59.49340777195279,59.33113821911873,"1032.73,0.0108782,8018.72",Serratia marcescens,6,UHT Full-fat Milk,N
226,quadratic,5,5,1224.8198808467448,14558.052866703943,45.88230834345638,44.71062208075868,"-43.8185,0.0390776,6.77618e-05",Serratia marcescens,10,Pasteurised Full-fat Milk,N
226,cubic,5,5,1224.8198808467448,,,,SKIPPED_insufficient_points,Serratia marcescens,10,Pasteurised Full-fat Milk,N
226,logistic,5,5,1224.8198808467448,2.6614120825679377,2.8470946380621815,1.6754083753644822,"1249.57,0.00296157,2771.61",Serratia marcescens,10,Pasteurised Full-fat Milk,N
226,gompertz,5,5,1224.8198808467448,91.75381498804289,20.548355769436466,19.376669506738764,"1225.83,0.0106688,2794.44",Serratia marcescens,10,Pasteurised Full-fat Milk,N
227,quadratic,4,4,2165.3689411798214,,,,SKIPPED_insufficient_points,Serratia marcescens,10,UHT Full-fat Milk,N
227,cubic,4,4,2165.3689411798214,,,,SKIPPED_insufficient_points,Serratia marcescens,10,UHT Full-fat Milk,N
227,logistic,4,4,2165.3689411798214,,,,SKIPPED_insufficient_points,Serratia marcescens,10,UHT Full-fat Milk,N
227,gompertz,4,4,2165.3689411798214,,,,SKIPPED_insufficient_points,Serratia marcescens,10,UHT Full-fat Milk,N
228,quadratic,5,5,2351.12847604084,38871.656444394066,50.792913627436505,49.62122736473881,"-53.3537,0.07813,0.000240658",Serratia marcescens,15,Pasteurised Full-fat Milk,N
228,cubic,5,5,2351.12847604084,,,,SKIPPED_insufficient_points,Serratia marcescens,15,Pasteurised Full-fat Milk,N
228,logistic,5,5,2351.12847604084,3.366907047435833,4.02278310212297,2.8510968394252707,"2352.13,0.00841159,1270.9",Serratia marcescens,15,Pasteurised Full-fat Milk,N
228,gompertz,5,5,2351.12847604084,214985.68491343656,59.344444053305324,58.172757790607626,"2352.13,0.449139,2870.45",Serratia marcescens,15,Pasteurised Full-fat Milk,N
229,quadratic,6,6,2354.6574279323045,160333.20911399138,67.15950009860774,66.5347785062919,"-149.95,0.431907,0.000163185",Serratia marcescens,15,UHT Full-fat Milk,N
229,cubic,6,6,2354.6574279323045,3848.2667987101518,46.78171204722896,45.948749924141175,"28.1791,-1.19691,0.00208113,-4.82892e-07",Serratia marcescens,15,UHT Full-fat Milk,N
229,logistic,6,6,2354.6574279323045,1165033.7730397708,79.05900699040438,78.43428539808855,"2355.67,9.12616,2712.71",Serratia marcescens,15,UHT Full-fat Milk,N
229,gompertz,6,6,2354.6574279323045,1165033.7730392823,79.05900699040187,78.43428539808603,"2355.67,0.400928,2699.56",Serratia marcescens,15,UHT Full-fat Milk,N
230,quadratic,5,5,584.7554074790115,2743.7863519046414,37.538281066436795,36.3665948037391,"450.214,-0.234742,3.02028e-05",Serratia marcescens,6,Pasteurised Double Cream,N
230,cubic,5,5,584.7554074790115,,,,SKIPPED_insufficient_points,Serratia marcescens,6,Pasteurised Double Cream,N
230,logistic,5,5,584.7554074790115,100.93696726935129,21.025291615710437,19.85360535301274,"1180.82,0.00101557,8265.89",Serratia marcescens,6,Pasteurised Double Cream,N
230,gompertz,5,5,584.7554074790115,69320.34737365367,53.68527921271749,52.51359295001979,"592.007,0.066506,8152.77",Serratia marcescens,6,Pasteurised Double Cream,N
231,quadratic,8,8,603.41153735083,29359.392115160324,71.66340989047809,71.9017345155176,"-3.09978,-0.0261525,7.80246e-06",Serratia marcescens,6,UHT Double Cream,N
231,cubic,8,8,603.41153735083,26104.436019757224,72.7233519970542,73.04111816377353,"16.9599,-0.0644867,1.71301e-05,-5.6181e-10",Serratia marcescens,6,UHT Double Cream,N
231,logistic,8,8,603.41153735083,5240.740063424278,57.87821167312527,58.116536298164775,"639.307,0.00128006,8115.24",Serratia marcescens,6,UHT Double Cream,N
231,gompertz,8,8,603.41153735083,24769.281567447142,70.3033438099419,70.5416684349814,"604.939,0.00243815,8094.01",Serratia marcescens,6,UHT Double Cream,N
232,quadratic,4,4,590.676863796112,,,,SKIPPED_insufficient_points,Serratia marcescens,10,Pasteurised Double Cream,N
232,cubic,4,4,590.676863796112,,,,SKIPPED_insufficient_points,Serratia marcescens,10,Pasteurised Double Cream,N
232,logistic,4,4,590.676863796112,,,,SKIPPED_insufficient_points,Serratia marcescens,10,Pasteurised Double Cream,N
232,gompertz,4,4,590.676863796112,,,,SKIPPED_insufficient_points,Serratia marcescens,10,Pasteurised Double Cream,N
233,quadratic,4,4,1556.85293697073,,,,SKIPPED_insufficient_points,Serratia marcescens,10,UHT Double Cream,N
233,cubic,4,4,1556.85293697073,,,,SKIPPED_insufficient_points,Serratia marcescens,10,UHT Double Cream,N
233,logistic,4,4,1556.85293697073,,,,SKIPPED_insufficient_points,Serratia marcescens,10,UHT Double Cream,N
233,gompertz,4,4,1556.85293697073,,,,SKIPPED_insufficient_points,Serratia marcescens,10,UHT Double Cream,N
234,quadratic,6,6,2053.2259064344003,125720.62701814268,65.70034805453176,65.07562646221592,"-103.836,0.293954,0.000154506",Serratia marcescens,15,Pasteurised Double Cream,N
234,cubic,6,6,2053.2259064344003,33657.38782107497,59.79337034399009,58.96040822090231,"17.3789,-0.914555,0.00157441,-3.49893e-07",Serratia marcescens,15,Pasteurised Double Cream,N
234,logistic,6,6,2053.2259064344003,727316.0628648304,76.23214165368975,75.60742006137392,"2054.23,7.95551,2813.8",Serratia marcescens,15,Pasteurised Double Cream,N
234,gompertz,6,6,2053.2259064344003,727316.0628389289,76.23214165347608,75.60742006116024,"2054.24,0.308317,2787.15",Serratia marcescens,15,Pasteurised Double Cream,N
235,quadratic,6,6,2917.19262415093,836016.3449282108,77.06786384398316,76.44314225166733,"-387.939,1.59694,-0.000148669",Serratia marcescens,15,UHT Double Cream,N
235,cubic,6,6,2917.19262415093,37792.62081529257,60.488658060774476,59.655695937686694,"-0.690938,-1.74656,0.00368408,-9.42201e-07",Serratia marcescens,15,UHT Double Cream,N
235,logistic,6,6,2917.19262415093,5479855.919993549,88.34897938427113,87.7242577919553,"2918.19,22.4719,2743.18",Serratia marcescens,15,UHT Double Cream,N
235,gompertz,6,6,2917.19262415093,5479855.91986382,88.3489793841291,87.72425779181326,"2918.2,0.645566,2766.37",Serratia marcescens,15,UHT Double Cream,N
236,quadratic,19,19,452.9647462891605,10699.151327734704,126.33613373648627,129.1694506739856,"-21.0597,0.268811,0.00097917",Arthrobacter sp. 77,0,TGE agar,CFU
236,cubic,19,19,452.9647462891605,6263.838839947565,118.16408107371467,121.94183699038044,"10.6146,-0.454152,0.00400714,-3.30779e-06",Arthrobacter sp. 77,0,TGE agar,CFU
236,logistic,19,19,452.9647462891605,8647.82240593057,122.29185303765819,125.1251699751575,"508.5,0.0105548,397.56",Arthrobacter sp. 77,0,TGE agar,CFU
236,gompertz,19,19,452.9647462891605,6357.800751341109,116.44697764750642,119.28029458500573,"627.392,0.00528281,374.977",Arthrobacter sp. 77,0,TGE agar,CFU
237,quadratic,13,13,590.2656295985004,48588.98490800831,112.94063612381689,114.6354841962015,"-86.47,2.35684,-0.00217309",Arthrobacter sp. 77,7,TGE agar,CFU
237,cubic,13,13,590.2656295985004,23712.423520076758,105.61446540919655,107.8742628390427,"-11.1944,0.0496746,0.0106615,-1.83471e-05",Arthrobacter sp. 77,7,TGE agar,CFU
237,logistic,13,13,590.2656295985004,27882.398103060255,105.72041974554605,107.41526781793067,"509.021,0.021134,180.834",Arthrobacter sp. 77,7,TGE agar,CFU
237,gompertz,13,13,590.2656295985004,24089.83498598153,103.8197465469501,105.51459461933472,"519.608,0.0144826,149.871",Arthrobacter sp. 77,7,TGE agar,CFU
238,quadratic,7,7,278.5524461150419,6609.053523382817,53.95199909459619,53.78972954176213,"-41.8313,5.21347,-0.0186001",Arthrobacter sp. 77,20,TGE agar,CFU
238,cubic,7,7,278.5524461150419,4236.6655772840995,52.83935168529632,52.622992281517575,"-9.0913,0.209482,0.10665,-0.000805684",Arthrobacter sp. 77,20,TGE agar,CFU
238,logistic,7,7,278.5524461150419,2484.324156620649,47.10292048322847,46.94065093039441,"262.31,0.124178,41.5801",Arthrobacter sp. 77,20,TGE agar,CFU
238,gompertz,7,7,278.5524461150419,1638.264763810912,44.18837918534668,44.02610963251262,"269.655,0.0805153,36.6101",Arthrobacter sp. 77,20,TGE agar,CFU
239,quadratic,10,10,260.1173210434014,5334.5025437117765,68.79365822479005,69.70141350377219,"-31.3721,3.28478,-0.00910575",Arthrobacter sp. 77,30,TGE agar,CFU
239,cubic,10,10,260.1173210434014,5235.007641292432,70.60538489964242,71.81572527161859,"-27.0813,2.96476,-0.00476059,-1.42753e-05",Arthrobacter sp. 77,30,TGE agar,CFU
239,logistic,10,10,260.1173210434014,821.9299240665976,50.090700479008476,50.99845575799061,"254.053,0.070394,61.3655",Arthrobacter sp. 77,30,TGE agar,CFU
239,gompertz,10,10,260.1173210434014,618.7134104407153,47.25057084499065,48.158326123972785,"255.696,0.0510183,53.2204",Arthrobacter sp. 77,30,TGE agar,CFU
240,quadratic,17,17,0.0529776507789701,0.002182728396543456,-146.32668050250868,-143.82704047034002,"2.71599,-0.000114129,2.30556e-07",Arthrobacter sp. 77,37,TGE agar,CFU
240,cubic,17,17,0.0529776507789701,0.00181078813841124,-147.50250942813065,-144.16965605190578,"2.72682,-0.000339611,1.15864e-06,-1.00584e-09",Arthrobacter sp. 77,37,TGE agar,CFU
240,logistic,17,17,0.0529776507789701,0.002924030512375754,-141.35609598295608,-138.85645595078742,"5.44077,2.2702e-05,601.724",Arthrobacter sp. 77,37,TGE agar,CFU
240,gompertz,17,17,0.0529776507789701,0.0029240347570605616,-141.35607130483146,-138.8564312726628,"7.39478,1.13508e-05,601.713",Arthrobacter sp. 77,37,TGE agar,CFU
241,quadratic,13,13,131.69051117654453,2293.3853202615715,73.24685439237376,74.94170246475838,"-34.9558,0.316591,8.48346e-05",Arthrobacter sp. 88,0,TGE agar,CFU
241,cubic,13,13,131.69051117654453,205.49745723090732,43.88629593673764,46.146093366583784,"61.9049,-1.09643,0.00543297,-5.84759e-06",Arthrobacter sp. 88,0,TGE agar,CFU
241,logistic,13,13,131.69051117654453,223.00432120781437,42.94914328851662,44.64399136090123,"141.72,0.019029,313.523",Arthrobacter sp. 88,0,TGE agar,CFU
241,gompertz,13,13,131.69051117654453,333.8603017629918,48.195052767740236,49.889900840124845,"148.222,0.0124673,284.407",Arthrobacter sp. 88,0,TGE agar,CFU
242,quadratic,9,9,189.52975389465072,1252.9181408234335,50.4240544039,51.01572813590866,"-12.0568,1.04253,-0.00124349",Arthrobacter sp. 88,7,TGE agar,CFU
242,cubic,9,9,189.52975389465072,621.7926151833593,46.118438393331765,46.907336702676645,"-2.34462,0.494659,0.00315721,-8.82691e-06",Arthrobacter sp. 88,7,TGE agar,CFU
242,logistic,9,9,189.52975389465072,233.57449879874721,35.30648851401792,35.89816224602658,"188.103,0.0260509,128.765",Arthrobacter sp. 88,7,TGE agar,CFU
242,gompertz,9,9,189.52975389465072,177.68558576613503,32.84511935082717,33.43679308283583,"194.101,0.0171094,106.867",Arthrobacter sp. 88,7,TGE agar,CFU
243,quadratic,14,14,1305.5289898510366,762243.6507694257,158.66949887853676,160.58667086738254,"-103.72,15.26,-0.0478701",Arthrobacter sp. 88,20,TGE agar,CFU
243,cubic,14,14,1305.5289898510366,543657.9511477383,155.93825525071415,158.49448456917517,"-371.67,28.3337,-0.165085,0.000278644",Arthrobacter sp. 88,20,TGE agar,CFU
243,logistic,14,14,1305.5289898510366,339633.8983459651,147.35192704182978,149.26909903067556,"952.855,0.555156,47.682",Arthrobacter sp. 88,20,TGE agar,CFU
243,gompertz,14,14,1305.5289898510366,339634.29241584725,147.35194328571822,149.269115274564,"952.882,0.804417,46.6753",Arthrobacter sp. 88,20,TGE agar,CFU
244,quadratic,11,11,956.954135465175,64587.000913292286,101.45660489718722,102.65029071558233,"-533.515,14.6732,-0.0380141",Arthrobacter sp. 88,30,TGE agar,CFU
244,cubic,11,11,956.954135465175,18626.516258770633,89.77890794702932,91.37048903822281,"-141.354,2.56102,0.0542621,-0.000200527",Arthrobacter sp. 88,30,TGE agar,CFU
244,logistic,11,11,956.954135465175,134245.40483564505,109.50482461632069,110.6985104347158,"816.114,0.0846709,81.9908",Arthrobacter sp. 88,30,TGE agar,CFU
244,gompertz,11,11,956.954135465175,129838.33533220622,109.13765119230595,110.33133701070106,"823.662,0.0448456,75.3133",Arthrobacter sp. 88,30,TGE agar,CFU
245,quadratic,16,16,0.06060839299880971,0.0025680974955182,-133.7948584091265,-131.47709224240717,"2.73497,0.00013935,-1.79088e-07",Arthrobacter sp. 88,37,TGE agar,CFU
245,cubic,16,16,0.06060839299880971,0.002451257271612852,-132.53988697929873,-129.4495320903396,"2.74033,1.59817e-05,3.33649e-07,-5.5762e-10",Arthrobacter sp. 88,37,TGE agar,CFU
245,logistic,16,16,0.06060839299880971,0.0029932929170406867,-131.3435185563087,-129.02575238958937,"5.5037,1.75728e-05,180.298",Arthrobacter sp. 88,37,TGE agar,CFU
245,gompertz,16,16,0.06060839299880971,0.0029932934936456167,-131.34351547419203,-129.0257493074727,"7.47862,8.78832e-06,154.677",Arthrobacter sp. 88,37,TGE agar,CFU
246,quadratic,18,18,520.752333638001,19063.4096262769,131.37277726346824,134.04389253715672,"54.6931,-0.958356,0.00280299",Arthrobacter sp. 62,0,TGE agar,CFU
246,cubic,18,18,520.752333638001,7938.444376835666,117.60381538706321,121.16530241864787,"-2.46213,0.240557,-0.00210342,5.30322e-06",Arthrobacter sp. 62,0,TGE agar,CFU
246,logistic,18,18,520.752333638001,6834.970458329204,112.90984204443691,115.5809573181254,"922.821,0.0126018,577.357",Arthrobacter sp. 62,0,TGE agar,CFU
246,gompertz,18,18,520.752333638001,9050.088110340132,117.96284426459277,120.63395953828126,"1416.98,0.0051491,601.626",Arthrobacter sp. 62,0,TGE agar,CFU
247,quadratic,12,12,741.2541205748887,118614.23617450286,116.38470172502738,117.83942167439139,"-155.976,2.90171,-0.00195824",Arthrobacter sp. 62,7,TGE agar,CFU
247,cubic,12,12,741.2541205748887,18076.209167442237,95.80934350678397,97.74897010593598,"20.9545,-2.03482,0.0248638,-3.80111e-05",Arthrobacter sp. 62,7,TGE agar,CFU
247,logistic,12,12,741.2541205748887,16971.86048954541,93.05286403757063,94.50758398693463,"712.779,0.0267206,221.512",Arthrobacter sp. 62,7,TGE agar,CFU
247,gompertz,12,12,741.2541205748887,31051.844866768733,100.30208222169068,101.75680217105469,"732.421,0.0164354,193.536",Arthrobacter sp. 62,7,TGE agar,CFU
248,quadratic,9,9,712.3570227397947,135476.77397124047,92.5739782572029,93.16565198921155,"-162.082,13.0183,-0.0475286",Arthrobacter sp. 62,20,TGE agar,CFU
248,cubic,9,9,712.3570227397947,29405.87323985487,80.82552613492037,81.61442444426524,"23.4792,-10.2151,0.470075,-0.00292394",Arthrobacter sp. 62,20,TGE agar,CFU
248,logistic,9,9,712.3570227397947,5929.942652022844,64.41490719407702,65.00658092608566,"671.317,0.234565,48.791",Arthrobacter sp. 62,20,TGE agar,CFU
248,gompertz,9,9,712.3570227397947,7524.929913168004,66.55876978535488,67.15044351736356,"673.352,0.170396,46.2781",Arthrobacter sp. 62,20,TGE agar,CFU
249,quadratic,10,10,0.04157400195484007,0.0017174282276680882,-80.69512416574534,-79.7873688867632,"2.7902,-0.000144072,2.51943e-07",Arthrobacter sp. 62,30,TGE agar,CFU
249,cubic,10,10,0.04157400195484007,0.0016263271801256086,-79.24016163302721,-78.02982126105103,"2.7872,-1.47539e-05,-3.57174e-07,6.97258e-10",Arthrobacter sp. 62,30,TGE agar,CFU
249,logistic,10,10,0.04157400195484007,0.002393728548456687,-77.37488159549753,-76.46712631651539,"5.56154,4.47435e-24,3.61674",Arthrobacter sp. 62,30,TGE agar,CFU
249,gompertz,10,10,0.04157400195484007,0.0023937285484567704,-77.37488159549719,-76.46712631651505,"7.55892,6.42389e-18,588.617",Arthrobacter sp. 62,30,TGE agar,CFU
250,quadratic,16,16,0.06022629228464993,0.0020903421930744993,-137.0882595184561,-134.77049335173677,"2.75238,-6.02485e-05,2.3515e-07",Arthrobacter sp. 62,37,TGE agar,CFU
250,cubic,16,16,0.06022629228464993,0.002010870960960312,-135.70841694549907,-132.61806205653994,"2.74843,4.02532e-05,-1.91553e-07,4.67759e-10",Arthrobacter sp. 62,37,TGE agar,CFU
250,logistic,16,16,0.06022629228464993,0.002856981903832814,-132.0892513914969,-129.77148522477756,"5.58126,6.69057e-05,600",Arthrobacter sp. 62,37,TGE agar,CFU
250,gompertz,16,16,0.06022629228464993,0.002857076258623667,-132.08872298362604,-129.7709568169067,"7.58572,3.34497e-05,599.999",Arthrobacter sp. 62,37,TGE agar,CFU
251,quadratic,17,17,241.30194328074938,7718.108863145988,110.007892151677,112.50753218384565,"37.7428,-0.532938,0.00132911",Arthrobacter aurescens,0,TGE agar,CFU
251,cubic,17,17,241.30194328074938,1342.0966541966138,82.26917488751299,85.60202826373785,"-16.7446,0.501926,-0.00291606,4.67062e-06",Arthrobacter aurescens,0,TGE agar,CFU
251,logistic,17,17,241.30194328074938,744.3199076791398,70.24737889060326,72.7470189227719,"484.352,0.0167239,595.361",Arthrobacter aurescens,0,TGE agar,CFU
251,gompertz,17,17,241.30194328074938,1075.0488264304909,76.49743626196037,78.99707629412902,"652.053,0.00733279,595.361",Arthrobacter aurescens,0,TGE agar,CFU
252,quadratic,11,11,643.610366647103,30439.66378751593,93.18167143430885,94.37535725270396,"-77.5641,3.37846,-0.00333226",Arthrobacter aurescens,7,TGE agar,CFU
252,cubic,11,11,643.610366647103,11351.446779446498,84.33125732696621,85.9228384181597,"-19.8904,0.529516,0.0199198,-4.74873e-05",Arthrobacter aurescens,7,TGE agar,CFU
252,logistic,11,11,643.610366647103,6352.012438963158,75.94494857241914,77.13863439081425,"632.973,0.0291516,136.312",Arthrobacter aurescens,7,TGE agar,CFU
252,gompertz,11,11,643.610366647103,3199.2838707765204,68.40065700618537,69.59434282458048,"648.439,0.0194172,116.38",Arthrobacter aurescens,7,TGE agar,CFU
253,quadratic,8,8,292.68119437257695,4308.743134464354,56.311679862049154,56.55000448708866,"-43.4287,4.13373,-0.0125579",Arthrobacter aurescens,20,TGE agar,CFU
253,cubic,8,8,292.68119437257695,4018.438032439074,57.75365612227155,58.071422288990895,"-35.1467,3.58536,-0.00582259,-1.99774e-05",Arthrobacter aurescens,20,TGE agar,CFU
253,logistic,8,8,292.68119437257695,2290.289533423021,51.25593584548439,51.4942604705239,"261.482,0.0854747,54.7336",Arthrobacter aurescens,20,TGE agar,CFU
253,gompertz,8,8,292.68119437257695,2132.102054124979,50.6833768819898,50.92170150702931,"263.209,0.0574267,47.242",Arthrobacter aurescens,20,TGE agar,CFU
254,quadratic,5,5,643.5842867352153,9501.635858666301,43.74890672989824,42.57722046720054,"-57.8664,7.97577,-2.52112e-05",Arthrobacter aurescens,30,TGE agar,CFU
254,cubic,5,5,643.5842867352153,,,,SKIPPED_insufficient_points,Arthrobacter aurescens,30,TGE agar,CFU
254,logistic,5,5,643.5842867352153,2282.4591513056566,36.61785401702096,35.44616775432326,"637.918,0.0885412,46.4814",Arthrobacter aurescens,30,TGE agar,CFU
254,gompertz,5,5,643.5842867352153,452.80666195346157,28.530136635706942,27.35845037300924,"687.381,0.0514002,40.5957",Arthrobacter aurescens,30,TGE agar,CFU
255,quadratic,8,8,43.59138040870407,110.80942085611832,27.02696203836882,27.265286663408325,"0.173508,0.0873572,0.000660453",Arthrobacter aurescens,37,TGE agar,CFU
255,cubic,8,8,43.59138040870407,43.07237862754024,21.467523063010603,21.785289229729944,"5.38414,-0.298641,0.00498893,-1.25625e-05",Arthrobacter aurescens,37,TGE agar,CFU
255,logistic,8,8,43.59138040870407,19.68697607651545,13.204126100523151,13.442450725562658,"46.9449,0.0454018,133.39",Arthrobacter aurescens,37,TGE agar,CFU
255,gompertz,8,8,43.59138040870407,23.323193802024946,14.560054127318635,14.798378752358142,"47.4813,0.0356347,122.497",Arthrobacter aurescens,37,TGE agar,CFU
256,quadratic,14,14,72.81258368531421,964.0940588220947,65.24984144278812,67.1670134316339,"15.1489,-0.262702,0.000857254",Arthrobacter citreus,0,TGE agar,CFU
256,cubic,14,14,72.81258368531421,182.9855190227188,43.9848956470044,46.541124965465436,"0.66657,0.168644,-0.00164108,3.77126e-06",Arthrobacter citreus,0,TGE agar,CFU
256,logistic,14,14,72.81258368531421,95.27660295781669,32.84817718156982,34.76534917041559,"84.9932,0.0396084,388.79",Arthrobacter citreus,0,TGE agar,CFU
256,gompertz,14,14,72.81258368531421,86.30976259663531,31.46439540432479,33.38156739317056,"95.0372,0.0234467,378.229",Arthrobacter citreus,0,TGE agar,CFU
257,quadratic,10,10,207.80854874214847,4780.25161491912,67.69663370210486,68.604388981087,"-23.1736,0.478168,0.000784158",Arthrobacter citreus,7,TGE agar,CFU
257,cubic,10,10,207.80854874214847,1359.2022380976778,57.120681239909835,58.331021611886015,"1.10979,-0.677086,0.00997917,-1.83758e-05",Arthrobacter citreus,7,TGE agar,CFU
257,logistic,10,10,207.80854874214847,1042.0787754908492,52.46387726740835,53.37163254639049,"189.659,0.0392507,168.321",Arthrobacter citreus,7,TGE agar,CFU
257,gompertz,10,10,207.80854874214847,646.3545940445244,47.687631673837764,48.5953869528199,"200.425,0.0216174,155.426",Arthrobacter citreus,7,TGE agar,CFU
258,quadratic,8,8,562.0752099014975,13857.853330129223,65.65732669345988,65.89565131849938,"-63.0019,4.21702,-0.00601346",Arthrobacter citreus,20,TGE agar,CFU
258,cubic,8,8,562.0752099014975,4826.160460830926,59.218919625537,59.53668579225634,"-7.35685,0.113171,0.0389166,-0.000127144",Arthrobacter citreus,20,TGE agar,CFU
258,logistic,8,8,562.0752099014975,2669.105323255411,52.48045654910316,52.71878117414266,"549.513,0.0397635,105.116",Arthrobacter citreus,20,TGE agar,CFU
258,gompertz,8,8,562.0752099014975,3030.5092098058785,53.49635518996231,53.73467981500181,"580.165,0.0223647,84.5986",Arthrobacter citreus,20,TGE agar,CFU
259,quadratic,9,9,205.15427212706248,1891.552618409824,54.13135816230327,54.72303189431193,"-22.2901,2.20871,-0.00505323",Arthrobacter citreus,30,TGE agar,CFU
259,cubic,9,9,205.15427212706248,1409.279898414665,53.48248608711354,54.27138439645842,"-8.80458,1.16577,0.0102308,-5.886e-05",Arthrobacter citreus,30,TGE agar,CFU
259,logistic,9,9,205.15427212706248,1184.1011737270626,49.91563216716012,50.50730589916878,"190.965,0.0711398,56.6367",Arthrobacter citreus,30,TGE agar,CFU
259,gompertz,9,9,205.15427212706248,943.8779972018918,47.87495106184326,48.46662479385192,"196.467,0.0390098,49.265",Arthrobacter citreus,30,TGE agar,CFU
260,quadratic,9,9,506.00973929413766,32666.591791907147,79.7719523960515,80.36362612806016,"-66.3926,3.85585,-0.00542528",Arthrobacter citreus,37,TGE agar,CFU
260,cubic,9,9,506.00973929413766,28605.58573195807,80.5771943514381,81.36609266078297,"-30.7877,1.67823,0.0198004,-7.53269e-05",Arthrobacter citreus,37,TGE agar,CFU
260,logistic,9,9,506.00973929413766,10816.36802751229,69.82432121921957,70.41599495122823,"457.225,0.138913,68.9742",Arthrobacter citreus,37,TGE agar,CFU
260,gompertz,9,9,506.00973929413766,10890.13186550164,69.8854897264107,70.47716345841935,"457.613,0.0783254,62.9393",Arthrobacter citreus,37,TGE agar,CFU
261,quadratic,19,19,0.033801124254079884,0.0014649606078064154,-173.9369521932976,-171.10363525579828,"2.7434,-3.79396e-05,7.01601e-08",Arthrobacter globiformis,0,TGE agar,CFU
261,cubic,19,19,0.033801124254079884,0.0014552800364072097,-172.0629223120292,-168.28516639536343,"2.74456,-6.84182e-05,2.06452e-07,-1.56109e-10",Arthrobacter globiformis,0,TGE agar,CFU
261,logistic,19,19,0.033801124254079884,0.0015444844443320953,-172.93257783303827,-170.09926089553895,"5.48116,1.47217e-06,287.469",Arthrobacter globiformis,0,TGE agar,CFU
261,gompertz,19,19,0.033801124254079884,0.001544484444345461,-172.93257783287382,-170.0992608953745,"7.44969,7.36085e-07,291.323",Arthrobacter globiformis,0,TGE agar,CFU
262,quadratic,17,17,112.6567841240326,343.05594739112325,57.07956342951018,59.57920346167883,"-5.33519,0.264923,-5.75227e-05",Arthrobacter globiformis,7,TGE agar,CFU
262,cubic,17,17,112.6567841240326,236.893207348889,52.78473359160712,56.11758696783198,"-1.03542,0.134518,0.000591743,-8.22162e-07",Arthrobacter globiformis,7,TGE agar,CFU
262,logistic,17,17,112.6567841240326,413.2509177507838,60.24430742873492,62.74394746090357,"116.535,0.0113414,257.403",Arthrobacter globiformis,7,TGE agar,CFU
262,gompertz,17,17,112.6567841240326,229.25805127331026,50.227793070869296,52.727433103037946,"130.795,0.00633443,218.567",Arthrobacter globiformis,7,TGE agar,CFU
263,quadratic,8,8,144.5777029338711,411.7391267387969,37.527587356756925,37.765911981796435,"-2.94937,1.15379,-0.00233393",Arthrobacter globiformis,20,TGE agar,CFU
263,cubic,8,8,144.5777029338711,251.33317116521292,35.57870313942843,35.89646930614777,"-9.62765,1.61424,-0.00727214,1.3512e-05",Arthrobacter globiformis,20,TGE agar,CFU
263,logistic,8,8,144.5777029338711,730.5926558074394,42.115316162841694,42.353640787881204,"132.635,0.0372362,68.4304",Arthrobacter globiformis,20,TGE agar,CFU
263,gompertz,8,8,144.5777029338711,445.67358382549935,38.161162140467034,38.39948676550654,"136.662,0.0233021,52.2072",Arthrobacter globiformis,20,TGE agar,CFU
264,quadratic,8,8,197.61819952278913,593.9251228605073,40.458493711573745,40.69681833661325,"-6.77684,1.81914,-0.0040573",Arthrobacter globiformis,30,TGE agar,CFU
264,cubic,8,8,197.61819952278913,592.634869350235,42.44109546417243,42.75886163089177,"-6.24006,1.78237,-0.00360935,-1.31857e-06",Arthrobacter globiformis,30,TGE agar,CFU
264,logistic,8,8,197.61819952278913,354.74091385025196,36.33556928965663,36.573893914696136,"194.599,0.0407642,68.9119",Arthrobacter globiformis,30,TGE agar,CFU
264,gompertz,8,8,197.61819952278913,337.7686789887178,35.94335790253556,36.18168252757506,"199.145,0.0242188,53.649",Arthrobacter globiformis,30,TGE agar,CFU
265,quadratic,7,7,222.44282653865403,761.0062735863443,38.821120168508465,38.6588506156744,"14.1691,2.97769,-0.0101412",Arthrobacter globiformis,37,TGE agar,CFU
265,cubic,7,7,222.44282653865403,200.51989314290842,31.485023173079504,31.26866376930076,"0.659082,4.16963,-0.025828,5.30344e-05",Arthrobacter globiformis,37,TGE agar,CFU
265,logistic,7,7,222.44282653865403,1160.2859797811516,41.77358147268226,41.6113119198482,"222.96,0.0600904,35.054",Arthrobacter globiformis,37,TGE agar,CFU
265,gompertz,7,7,222.44282653865403,660.4486009135053,37.82906407400052,37.66679452116646,"224.406,0.0403294,24.5189",Arthrobacter globiformis,37,TGE agar,CFU
266,quadratic,18,18,0.048031799439349765,0.0019121101305054962,-158.6985532368802,-156.02743796319172,"2.74117,-2.73498e-05,1.1038e-07",Arthrobacter simplex,0,TGE agar,CFU
266,cubic,18,18,0.048031799439349765,0.0018529032203535498,-157.26471975219476,-153.70323272061012,"2.73837,5.01518e-05,-2.37147e-07,3.97592e-10",Arthrobacter simplex,0,TGE agar,CFU
266,logistic,18,18,0.048031799439349765,0.002105872345868622,-156.96115031101766,-154.29003503732918,"5.5142,2.59142e-05,598.461",Arthrobacter simplex,0,TGE agar,CFU
266,gompertz,18,18,0.048031799439349765,0.0021058752747737724,-156.96112527614025,-154.29001000245177,"7.49457,1.29571e-05,598.461",Arthrobacter simplex,0,TGE agar,CFU
267,quadratic,14,14,313.8064118747112,6587.69582306603,92.15462224955841,94.0717942384042,"-5.63703,-0.196365,0.00161034",Arthrobacter simplex,7,TGE agar,CFU
267,cubic,14,14,313.8064118747112,3768.540506888841,86.33540039388086,88.8916297123419,"19.3369,-0.964729,0.00537206,-4.69934e-06",Arthrobacter simplex,7,TGE agar,CFU
267,logistic,14,14,313.8064118747112,2893.990748271581,80.63868132987949,82.55585331872527,"299.546,0.0204386,353.486",Arthrobacter simplex,7,TGE agar,CFU
267,gompertz,14,14,313.8064118747112,1610.0059903517902,72.42910188700417,74.34627387584995,"332.032,0.0115691,331.791",Arthrobacter simplex,7,TGE agar,CFU
268,quadratic,7,7,386.3152075168939,3861.2934623873975,50.18993145808425,50.02766190525019,"-21.2476,1.76369,-0.000106264",Arthrobacter simplex,20,TGE agar,CFU
268,cubic,7,7,386.3152075168939,3306.499520379473,51.10414649103886,50.887787087260115,"-10.5921,0.95077,0.00940235,-2.70575e-05",Arthrobacter simplex,20,TGE agar,CFU
268,logistic,7,7,386.3152075168939,4851.835201500702,51.78841508756196,51.6261455347279,"372.408,0.0311704,109.161",Arthrobacter simplex,20,TGE agar,CFU
268,gompertz,7,7,386.3152075168939,3348.2668642722488,49.19201591559041,49.02974636275635,"417.741,0.0161386,98.0108",Arthrobacter simplex,20,TGE agar,CFU
269,quadratic,8,8,370.7599279067979,2791.415498522165,52.83890041295272,53.07722503799222,"10.4761,2.05686,-0.00282477",Arthrobacter simplex,30,TGE agar,CFU
269,cubic,8,8,370.7599279067979,967.5604367608274,46.36269078567503,46.68045695239437,"-10.7045,3.24356,-0.0147359,3.0205e-05",Arthrobacter simplex,30,TGE agar,CFU
269,logistic,8,8,370.7599279067979,6478.775090235296,59.57476160410817,59.81308622914767,"339.22,0.0249156,83.9421",Arthrobacter simplex,30,TGE agar,CFU
269,gompertz,8,8,370.7599279067979,4401.884094485279,56.482771118926074,56.72109574396558,"363.387,0.0146916,65.8259",Arthrobacter simplex,30,TGE agar,CFU
270,quadratic,8,8,429.94161808287373,3288.668337077369,54.1503716750006,54.38869630004011,"-43.082,4.98317,-0.0130351",Arthrobacter simplex,37,TGE agar,CFU
270,cubic,8,8,429.94161808287373,2871.3113275103638,55.06466057010484,55.382426736824186,"-30.0092,4.03065,-0.00238481,-3.09448e-05",Arthrobacter simplex,37,TGE agar,CFU
270,logistic,8,8,429.94161808287373,1014.3183996675403,44.74024477439502,44.978569399434534,"414.412,0.0850076,53.499",Arthrobacter simplex,37,TGE agar,CFU
270,gompertz,8,8,429.94161808287373,319.7586283817926,35.504999065519925,35.743323690559436,"422.974,0.0381488,47.7569",Arthrobacter simplex,37,TGE agar,CFU
271,quadratic,10,10,717.5199362959595,126360.4644617893,100.44308837617889,101.35084365516103,"-63.7636,3.81982,-0.00534889",Lactobacillus plantarum,8,MRS broth,N
271,cubic,10,10,717.5199362959595,96560.87570213084,99.75343831730972,100.9637786892859,"38.7285,-0.398153,0.0279292,-6.59304e-05",Lactobacillus plantarum,8,MRS broth,N
271,logistic,10,10,717.5199362959595,63952.03511941139,93.63303537109576,94.5407906500779,"616.349,0.0429356,124.15",Lactobacillus plantarum,8,MRS broth,N
271,gompertz,10,10,717.5199362959595,79611.86849569525,95.82333369428588,96.73108897326802,"614.906,0.0350723,111.728",Lactobacillus plantarum,8,MRS broth,N
272,quadratic,16,16,1971189300.7278392,4.8734794014547456e+17,613.282655948833,615.6004221155524,"1.26703e+08,-5.3063e+06,30270.1",Lactobacillus plantarum,12,MRS broth,N
272,cubic,16,16,1971189300.7278392,4.853541966977078e+17,615.2170655925888,618.307420481548,"1.47926e+08,-6.13426e+06,36265.8,-10.9811",Lactobacillus plantarum,12,MRS broth,N
272,logistic,16,16,1971189300.7278392,8964651607221894.0,549.3516306805822,551.6693968473015,"2.01323e+09,0.0551393,269.921",Lactobacillus plantarum,12,MRS broth,N
272,gompertz,16,16,1971189300.7278392,3.2521033130456076e+16,569.9691956148016,572.286961781521,"2.12439e+09,0.0294165,256.44",Lactobacillus plantarum,12,MRS broth,N
273,quadratic,18,18,2119130580.5163815,1.318691810930367e+18,704.9904019593431,707.6615172330316,"9.25963e+07,-1.47026e+07,256283",Lactobacillus plantarum,16,MRS broth,N
273,cubic,18,18,2119130580.5163815,1.3022892210608517e+18,706.7651042799066,710.3265913114913,"1.58798e+08,-2.19089e+07,399413,-752.928",Lactobacillus plantarum,16,MRS broth,N
273,logistic,18,18,2119130580.5163815,1.0795375918285775e+18,701.3884687752061,704.0595840488946,"1.84866e+09,0.116596,89.4136",Lactobacillus plantarum,16,MRS broth,N
273,gompertz,18,18,2119130580.5163815,1.0476632716622583e+18,700.8489986028001,703.5201138764886,"2.08228e+09,0.0636395,85.9492",Lactobacillus plantarum,16,MRS broth,N
274,quadratic,16,16,3546848924.9079823,7.6389563672545e+17,620.473901621791,622.7916677885104,"3.84334e+08,-5.23501e+07,1.13003e+06",Lactobacillus plantarum,20,MRS broth,N
274,cubic,16,16,3546848924.9079823,5.775130643387185e+17,617.9986997926803,621.0890546816395,"1.00408e+08,-1.08651e+07,-124949,10111.9",Lactobacillus plantarum,20,MRS broth,N
274,logistic,16,16,3546848924.9079823,6.049317354318619e+18,653.5822141333222,655.8999803000415,"3.97722e+09,0.040515,80.3104",Lactobacillus plantarum,20,MRS broth,N
274,gompertz,16,16,3546848924.9079823,3.768217948277143e+17,609.1673608895966,611.485127056316,"4.68384e+09,0.0689333,63.2299",Lactobacillus plantarum,20,MRS broth,N
275,quadratic,13,13,7701034596.229615,6.383517040440346e+18,535.5589197880406,537.2537678604252,"9.62426e+08,-3.04381e+08,1.37361e+07",Lactobacillus plantarum,30,MRS broth,N
275,cubic,13,13,7701034596.229615,3.884567109916876e+18,531.1017202843085,533.3615177141546,"-1.92659e+08,1.19779e+08,-1.58657e+07,547793",Lactobacillus plantarum,30,MRS broth,N
275,logistic,13,13,7701034596.229615,4.1989510886237307e+18,530.113421906442,531.8082699788266,"1.51896e+10,0.244489,34.469",Lactobacillus plantarum,30,MRS broth,N
275,gompertz,13,13,7701034596.229615,4.189435543299583e+18,530.083928239137,531.7787763115216,"1.98018e+10,0.102538,34.5391",Lactobacillus plantarum,30,MRS broth,N
276,quadratic,9,9,108843.39280161852,758843450.749094,170.25073331551948,170.84240704752813,"9407.81,-322.9,1.43627",Weissella viridescens,4,MRS broth,N
276,cubic,9,9,108843.39280161852,71363414.05487514,150.97464179407362,151.7635401034185,"-2858.4,203.255,-2.28866,0.00654002",Weissella viridescens,4,MRS broth,N
276,logistic,9,9,108843.39280161852,1130940.64162838,111.672021239678,112.26369497168666,"217624,0.0249686,383.118",Weissella viridescens,4,MRS broth,N
276,gompertz,9,9,108843.39280161852,27166886.317809366,140.2825631774299,140.87423690943854,"286556,0.0112099,381.641",Weissella viridescens,4,MRS broth,N
277,quadratic,20,20,417077005.3895069,7623139797240757.0,677.4846490613847,680.4718458820468,"2.75136e+07,-1.23305e+06,7137.18",Weissella viridescens,8,MRS broth,N
277,cubic,20,20,417077005.3895069,5815740864645126.0,674.0722460999563,678.0551751941722,"1.07974e+07,-473682,1374.21,11.3712",Weissella viridescens,8,MRS broth,N
277,logistic,20,20,417077005.3895069,2001200283728252.5,650.7358252753531,653.7230220960151,"4.47016e+08,0.0318383,268.513",Weissella viridescens,8,MRS broth,N
277,gompertz,20,20,417077005.3895069,998989739222383.5,636.840666998434,639.827863819096,"5.51895e+08,0.0159525,261.762",Weissella viridescens,8,MRS broth,N
278,quadratic,14,14,953024795.1878546,8.781651878649491e+16,515.2495616504302,517.1667336392759,"4.91654e+07,-5.98002e+06,102594",Weissella viridescens,12,MRS broth,N
278,cubic,14,14,953024795.1878546,7.966104422646605e+16,515.884996521072,518.441225839533,"8.51009e+06,-1.36114e+06,9444.58,482.253",Weissella viridescens,12,MRS broth,N
278,logistic,14,14,953024795.1878546,8.258614838496933e+16,514.3898545132784,516.3070265021241,"1.52459e+09,0.0536534,116.48",Weissella viridescens,12,MRS broth,N
278,gompertz,14,14,953024795.1878546,8.183105864280144e+16,514.2612629758988,516.1784349647446,"2.67117e+09,0.0200628,128.019",Weissella viridescens,12,MRS broth,N
279,quadratic,17,17,1720052540.3842113,7.592615408112942e+17,657.7444590340327,660.2440990662013,"4.4439e+07,-9.53941e+06,251407",Weissella viridescens,16,MRS broth,N
279,cubic,17,17,1720052540.3842113,7.141847687949646e+17,658.7039809122006,662.0368342884254,"1.62578e+08,-2.54298e+07,662703,-2817.08",Weissella viridescens,16,MRS broth,N
279,logistic,17,17,1720052540.3842113,4.5399963262313434e+17,649.0022104748209,651.5018505069895,"1.36609e+09,0.187961,71.8291",Weissella viridescens,16,MRS broth,N
279,gompertz,17,17,1720052540.3842113,5.3482256041942886e+17,651.7874673595035,654.2871073916721,"1.43067e+09,0.0861309,66.5984",Weissella viridescens,16,MRS broth,N
280,quadratic,15,15,1727792554.7350833,8.819977941016e+17,585.1937362319032,587.3178868352098,"-1.41941e+08,6.72283e+06,530057",Weissella viridescens,20,MRS broth,N
280,cubic,15,15,1727792554.7350833,3.8538193038866464e+17,574.7744159501932,577.606616754602,"3.43569e+08,-9.22632e+07,4.70085e+06,-46629",Weissella viridescens,20,MRS broth,N
280,logistic,15,15,1727792554.7350833,1.552340859360983e+17,559.1349060498043,561.2590566531109,"1.69778e+09,0.272929,35.0024",Weissella viridescens,20,MRS broth,N
280,gompertz,15,15,1727792554.7350833,1.6869213105477773e+17,560.3820230649807,562.5061736682873,"1.74095e+09,0.172563,32.5344",Weissella viridescens,20,MRS broth,N
281,quadratic,13,13,1478475687.450505,9.530906023278214e+17,510.83598109402527,512.5308291664098,"-1.11475e+08,1.10376e+07,1.64559e+06",Weissella viridescens,30,MRS broth,N
281,cubic,13,13,1478475687.450505,5.647425324347359e+17,506.03256060908194,508.2923580389281,"1.94709e+08,-1.35363e+08,1.37506e+07,-257769",Weissella viridescens,30,MRS broth,N
281,logistic,13,13,1478475687.450505,1.5410614754668582e+17,487.14909273871876,488.8439408111034,"1.47916e+09,0.878056,19.0232",Weissella viridescens,30,MRS broth,N
281,gompertz,13,13,1478475687.450505,1.6580956521724138e+17,488.100670607198,489.79551867958264,"1.48839e+09,0.594523,18.1709",Weissella viridescens,30,MRS broth,N
282,quadratic,9,9,50176.0512272645,43643020.61410146,144.54896420252402,145.14063793453266,"2502.29,-107.04,0.709854",Lactobacillus sakei,4,MRS broth,N
282,cubic,9,9,50176.0512272645,21927627.870191496,140.3543003205799,141.1431986299248,"53.0107,0.17382,-0.112465,0.00159776",Lactobacillus sakei,4,MRS broth,N
282,logistic,9,9,50176.0512272645,27520013.66380638,140.39879541177902,140.99046914378766,"99893.6,0.0173782,339.597",Lactobacillus sakei,4,MRS broth,N
282,gompertz,9,9,50176.0512272645,30939143.388101622,141.45277325245416,142.0444469844628,"133708,0.00750405,339.686",Lactobacillus sakei,4,MRS broth,N
283,quadratic,19,19,201415164.59769377,5515127580732814.0,638.7348118301702,641.5681287676696,"-1.57444e+07,245568,1012.92",Lactobacillus sakei,8,MRS broth,N
283,cubic,19,19,201415164.59769377,1226836349051240.5,612.1767477567073,615.9545036733731,"1.99647e+07,-994211,8949.01,-13.3965",Lactobacillus sakei,8,MRS broth,N
283,logistic,19,19,201415164.59769377,803501885779530.5,602.1356717089747,604.968988646474,"1.9956e+08,0.0261538,230.313",Lactobacillus sakei,8,MRS broth,N
283,gompertz,19,19,201415164.59769377,508741517520235.75,593.4519218038192,596.2852387413186,"2.12212e+08,0.0161055,209.606",Lactobacillus sakei,8,MRS broth,N
284,quadratic,13,13,938075139.1236762,2.6923961290018752e+17,494.402574072928,496.09742214531263,"2.49888e+07,-3.28047e+06,54398.9",Lactobacillus sakei,12,MRS broth,N
284,cubic,13,13,938075139.1236762,2.4982758236557814e+17,495.42977460894053,497.6895720387867,"-2.12239e+07,2.88381e+06,-60834.8,538.211",Lactobacillus sakei,12,MRS broth,N
284,logistic,13,13,938075139.1236762,2.6070620803406262e+17,493.98387522361617,495.6787232960008,"1.52788e+09,0.0443005,145.235",Lactobacillus sakei,12,MRS broth,N
284,gompertz,13,13,938075139.1236762,2.7665375540502733e+17,494.75571915653586,496.4505672289205,"1.91339e+09,0.0169709,145.235",Lactobacillus sakei,12,MRS broth,N
285,quadratic,14,14,1716814217.1784277,5.088080237068063e+17,539.845057858854,541.7622298476998,"-7.56314e+07,3.54923e+06,131012",Lactobacillus sakei,16,MRS broth,N
285,cubic,14,14,1716814217.1784277,3.736995272352884e+17,537.5243959137233,540.0806252321844,"5.49933e+07,-1.95581e+07,736017,-3962.56",Lactobacillus sakei,16,MRS broth,N
285,logistic,14,14,1716814217.1784277,2.8575759943587366e+17,531.7680814724511,533.6852534612968,"1.33784e+09,0.154521,57.7889",Lactobacillus sakei,16,MRS broth,N
285,gompertz,14,14,1716814217.1784277,2.6440344694001418e+17,530.6807329403663,532.5979049292121,"1.39301e+09,0.096766,54.2913",Lactobacillus sakei,16,MRS broth,N
286,quadratic,12,12,1813783309.9173338,5.5608748189389555e+17,466.497544422386,467.95226437175,"1.52824e+08,-3.09518e+07,1.1226e+06",Lactobacillus sakei,20,MRS broth,N
286,cubic,12,12,1813783309.9173338,5.290058426503676e+17,467.89843065953215,469.83805725868416,"3.4799e+08,-6.43836e+07,2.41829e+06,-13814.7",Lactobacillus sakei,20,MRS broth,N
286,logistic,12,12,1813783309.9173338,1.5474066734020813e+17,451.14744416267433,452.60216411203834,"1.83802e+09,0.374512,42.8482",Lactobacillus sakei,20,MRS broth,N
286,gompertz,12,12,1813783309.9173338,1.7501992057527165e+17,452.6252345331185,454.0799544824825,"1.8433e+09,0.29897,41.3828",Lactobacillus sakei,20,MRS broth,N
287,quadratic,11,11,2138812189.8134227,1.7186039024033994e+18,441.4916354544391,442.68532127283424,"-2.59336e+08,7.08418e+07,-249490",Lactobacillus sakei,30,MRS broth,N
287,cubic,11,11,2138812189.8134227,7.16635527462559e+17,433.8699335392666,435.46151463046004,"1.65297e+08,-1.425e+08,1.66341e+07,-338286",Lactobacillus sakei,30,MRS broth,N
287,logistic,11,11,2138812189.8134227,6.76552835515769e+17,431.23680834748507,432.4304941658802,"1.52618e+09,0.611616,17.4617",Lactobacillus sakei,30,MRS broth,N
287,gompertz,11,11,2138812189.8134227,6.520772561877834e+17,430.8314858491551,432.02517166755024,"1.52935e+09,0.663355,19.0022",Lactobacillus sakei,30,MRS broth,N
288,quadratic,7,7,3.1549788968734,1.5010556135932762,-4.778190822435368,-4.940460375269429,"0.926959,0.00945863,-7.57528e-06",Oscillatoria agardhii Strain 97,15,Z8,DryWeight
288,cubic,7,7,3.1549788968734,1.2753999215603937,-3.9185524896077233,-4.13491189338647,"1.11547,0.00186052,3.3257e-05,-5.3957e-08",Oscillatoria agardhii Strain 97,15,Z8,DryWeight
288,logistic,7,7,3.1549788968734,1.3645188461306317,-5.445757933652578,-5.608027486486638,"3.9433,0.00840921,137.585",Oscillatoria agardhii Strain 97,15,Z8,DryWeight
288,gompertz,7,7,3.1549788968734,1.4516510472682802,-5.012460109758358,-5.174729662592418,"4.25355,0.00516338,79.4761",Oscillatoria agardhii Strain 97,15,Z8,DryWeight
289,quadratic,7,7,3.26440282387992,0.9932874540043205,-7.668517278617221,-7.830786831451282,"0.866688,0.0102235,-6.56226e-06",Oscillatoria agardhii Strain 97,20,Z8,DryWeight
289,cubic,7,7,3.26440282387992,0.738958562292221,-7.7389650693636955,-7.955324473142443,"1.06886,0.0021537,3.66771e-05,-5.70583e-08",Oscillatoria agardhii Strain 97,20,Z8,DryWeight
289,logistic,7,7,3.26440282387992,0.7560475799322194,-9.578927821940356,-9.741197374774416,"4.49446,0.00882057,162.453",Oscillatoria agardhii Strain 97,20,Z8,DryWeight
289,gompertz,7,7,3.26440282387992,0.8755317498691124,-8.55183808489015,-8.714107637724211,"4.98637,0.00504781,111.68",Oscillatoria agardhii Strain 97,20,Z8,DryWeight
290,quadratic,6,6,4.42791344296629,1.2125379023802054,-3.594263197152678,-4.218984789468513,"0.827823,0.0128198,-3.76604e-06",Oscillatoria agardhii Strain 97,25,Z8,DryWeight
290,cubic,6,6,4.42791344296629,0.23261345357884314,-11.500820018922795,-12.333782142010575,"1.18681,-0.00591579,0.000114159,-1.81011e-07",Oscillatoria agardhii Strain 97,25,Z8,DryWeight
290,logistic,6,6,4.42791344296629,0.6605308467305835,-7.238825539488667,-7.863547131804502,"6.06655,0.00992696,188.086",Oscillatoria agardhii Strain 97,25,Z8,DryWeight
290,gompertz,6,6,4.42791344296629,0.9108264254493208,-5.310974405955124,-5.935695998270958,"7.17556,0.0051081,155.217",Oscillatoria agardhii Strain 97,25,Z8,DryWeight
291,quadratic,6,6,1.92827735176342,0.1214641081454246,-17.399375611686573,-18.02409720400241,"1.03306,0.0139357,-2.57784e-05",Oscillatoria agardhii Strain 97,30,Z8,DryWeight
291,cubic,6,6,1.92827735176342,0.023626370459242506,-25.222907605936058,-26.05586972902384,"1.14514,0.00802724,1.15351e-05,-5.74118e-08",Oscillatoria agardhii Strain 97,30,Z8,DryWeight
291,logistic,6,6,1.92827735176342,0.5815921074295237,-8.002472355164306,-8.62719394748014,"2.693,0.0177086,21.7682",Oscillatoria agardhii Strain 97,30,Z8,DryWeight
291,gompertz,6,6,1.92827735176342,0.6085114197350349,-7.730994413599074,-8.355716005914909,"2.70684,0.0151293,0.0671682",Oscillatoria agardhii Strain 97,30,Z8,DryWeight
292,quadratic,7,7,2.0044001668943703,0.4146911550862628,-13.782919726331201,-13.945189279165263,"1.72803,0.00568191,-3.93574e-06",Oscillatoria agardhii StrainCYA 128,15,Z8,DryWeight
292,cubic,7,7,2.0044001668943703,0.3780086584058691,-12.431238287911953,-12.647597691690699,"1.6455,0.00885803,-2.0759e-05,2.20989e-08",Oscillatoria agardhii StrainCYA 128,15,Z8,DryWeight
292,logistic,7,7,2.0044001668943703,0.40952142830937294,-13.870733386906995,-14.033002939741056,"3.7699,0.00581535,32.1683",Oscillatoria agardhii StrainCYA 128,15,Z8,DryWeight
292,gompertz,7,7,2.0044001668943703,0.4308285651821249,-13.515686243618255,-13.677955796452316,"4.79483,0.00263484,1.18956",Oscillatoria agardhii StrainCYA 128,15,Z8,DryWeight
293,quadratic,7,7,2.8107288978791303,1.509602754414052,-4.738445265703195,-4.9007148185372555,"1.5399,0.00881825,-7.38486e-06",Oscillatoria agardhii StrainCYA 128,20,Z8,DryWeight
293,cubic,7,7,2.8107288978791303,1.2930621821459416,-3.822278713339088,-4.038638117117835,"1.74114,0.00107268,3.37433e-05,-5.41792e-08",Oscillatoria agardhii StrainCYA 128,20,Z8,DryWeight
293,logistic,7,7,2.8107288978791303,1.4468914584215065,-5.035449009736302,-5.197718562570363,"4.3816,0.00676806,88.0226",Oscillatoria agardhii StrainCYA 128,20,Z8,DryWeight
293,gompertz,7,7,2.8107288978791303,1.4984657357269615,-4.790278850795946,-4.952548403630007,"4.66781,0.004474,20.5003",Oscillatoria agardhii StrainCYA 128,20,Z8,DryWeight
294,quadratic,7,7,3.78470658283676,0.32550276608780604,-15.478061279215268,-15.64033083204933,"1.62731,0.00995391,-3.26211e-06",Oscillatoria agardhii StrainCYA 128,25,Z8,DryWeight
294,cubic,7,7,3.78470658283676,0.19271643128793825,-17.147119112522905,-17.36347851630165,"1.78417,0.00388497,2.90106e-05,-4.25602e-08",Oscillatoria agardhii StrainCYA 128,25,Z8,DryWeight
294,logistic,7,7,3.78470658283676,0.24107155112793344,-17.580001521745686,-17.742271074579747,"6.69118,0.00577113,189.634",Oscillatoria agardhii StrainCYA 128,25,Z8,DryWeight
294,gompertz,7,7,3.78470658283676,0.275869742277684,-16.636156353945385,-16.798425906779446,"7.8677,0.00322981,138.141",Oscillatoria agardhii StrainCYA 128,25,Z8,DryWeight
295,quadratic,7,7,3.5146508814657698,0.6069310774604174,-11.116751327329641,-11.279020880163703,"1.74792,0.0131479,-1.21334e-05",Oscillatoria agardhii StrainCYA 128,30,Z8,DryWeight
295,cubic,7,7,3.5146508814657698,0.5730930220245877,-9.518321676775617,-9.734681080554363,"1.66865,0.0162102,-2.84004e-05,2.14381e-08",Oscillatoria agardhii StrainCYA 128,30,Z8,DryWeight
295,logistic,7,7,3.5146508814657698,0.5663276092669892,-11.601448916265827,-11.763718469099889,"5.31956,0.00902267,79.8338",Oscillatoria agardhii StrainCYA 128,30,Z8,DryWeight
295,gompertz,7,7,3.5146508814657698,0.5599533517650026,-11.680683637382963,-11.842953190217024,"5.55058,0.00621598,26.3631",Oscillatoria agardhii StrainCYA 128,30,Z8,DryWeight
296,quadratic,8,8,1032727.14726171,212796566081.90417,198.03328732616566,198.27161195120516,"14157.2,-5575.06,193.306",Pseudomonas sp.,15,APT Broth,CFU
296,cubic,8,8,1032727.14726171,212714154241.78415,200.03018848659374,200.34795465331308,"18054.6,-6336.88,215.519,-0.162585",Pseudomonas sp.,15,APT Broth,CFU
296,logistic,8,8,1032727.14726171,66223109197.41852,188.69483023061406,188.93315485565356,"1.03276e+06,1.50112,68.6185",Pseudomonas sp.,15,APT Broth,CFU
296,gompertz,8,8,1032727.14726171,199410234747.40994,197.51350783357842,197.7518324586179,"1.72202e+06,0.0403801,71.3998",Pseudomonas sp.,15,APT Broth,CFU
297,quadratic,7,7,760530.3737560818,18055215438.336136,157.69553192420105,157.533262371367,"156625,-11242.8,184.28",Pseudomonas sp.,12,APT Broth,CFU
297,cubic,7,7,760530.3737560818,6161483875.236454,152.1697132768519,151.95335387307316,"-253000,21225.6,-508.73,4.25196",Pseudomonas sp.,12,APT Broth,CFU
297,logistic,7,7,760530.3737560818,7934214993.794599,151.9397807517798,151.77751119894575,"1.5017e+06,0.0806438,93.2944",Pseudomonas sp.,12,APT Broth,CFU
297,gompertz,7,7,760530.3737560818,16577810577.843313,157.0979454381517,156.93567588531764,"1.90998e+06,0.0322878,93.269",Pseudomonas sp.,12,APT Broth,CFU
298,quadratic,4,4,3454894.1514673126,,,,SKIPPED_insufficient_points,Pseudomonas sp.,8,APT Broth,CFU
298,cubic,4,4,3454894.1514673126,,,,SKIPPED_insufficient_points,Pseudomonas sp.,8,APT Broth,CFU
298,logistic,4,4,3454894.1514673126,,,,SKIPPED_insufficient_points,Pseudomonas sp.,8,APT Broth,CFU
298,gompertz,4,4,3454894.1514673126,,,,SKIPPED_insufficient_points,Pseudomonas sp.,8,APT Broth,CFU
299,quadratic,5,5,1674078.8671314584,674441612941.4976,134.13856516473135,132.96687890203364,"-512663,16066.9,-34.0143",Pseudomonas sp.,6,APT Broth,CFU
299,cubic,5,5,1674078.8671314584,,,,SKIPPED_insufficient_points,Pseudomonas sp.,6,APT Broth,CFU
299,logistic,5,5,1674078.8671314584,195055291634.09644,127.93555494862885,126.76386868593114,"1.36179e+06,0.605228,82.1796",Pseudomonas sp.,6,APT Broth,CFU
299,gompertz,5,5,1674078.8671314584,195055291634.09772,127.93555494862889,126.76386868593119,"1.36179e+06,0.552293,74.6649",Pseudomonas sp.,6,APT Broth,CFU
300,quadratic,5,5,2424461.01708232,707218569535.4604,134.37583846659152,133.2041522038938,"-32142.5,-55.717,31.7099",Pseudomonas sp.,4,APT Broth,CFU
300,cubic,5,5,2424461.01708232,,,,SKIPPED_insufficient_points,Pseudomonas sp.,4,APT Broth,CFU
300,logistic,5,5,2424461.01708232,320980067759.3539,130.4260347575339,129.2543484948362,"1.89043e+06,0.365036,183.694",Pseudomonas sp.,4,APT Broth,CFU
300,gompertz,5,5,2424461.01708232,261514715680.60785,129.4015924027359,128.22990614003822,"2.06286e+06,1.57129,182.608",Pseudomonas sp.,4,APT Broth,CFU
301,quadratic,6,6,560069.4392832483,2516083710.204556,125.12525986289737,124.50053827058153,"88647.4,-2402.44,9.58688",Pseudomonas sp.,2,APT Broth,CFU
301,cubic,6,6,560069.4392832483,529615939.5789406,117.77541914179017,116.94245701870238,"-52526,1773.78,-14.6169,0.0375129",Pseudomonas sp.,2,APT Broth,CFU
301,logistic,6,6,560069.4392832483,486302055.498947,115.2634861976975,114.63876460538167,"1.11844e+06,0.0221632,378.545",Pseudomonas sp.,2,APT Broth,CFU
301,gompertz,6,6,560069.4392832483,659380414.2122911,117.09031029896752,116.46558870665169,"1.51253e+06,0.008895,378.353",Pseudomonas sp.,2,APT Broth,CFU
302,quadratic,151,151,7071.253794323468,75099202.04874912,1986.6731388566634,1995.7249783671082,"-268.604,6.29573,0.0190056",Lactobaciulus plantarum,10,MRS,N
302,cubic,151,151,7071.253794323468,72557299.5803547,1983.4737037942834,1995.542823141543,"27.936,-5.21973,0.110886,-0.000194303",Lactobaciulus plantarum,10,MRS,N
302,logistic,151,151,7071.253794323468,75138178.29250056,1986.7514870403863,1995.8033265508311,"3528.11,0.0202414,195.087",Lactobaciulus plantarum,10,MRS,N
302,gompertz,151,151,7071.253794323468,73125429.39015068,1982.6514417016147,1991.7032812120594,"4102.94,0.0108188,176.689",Lactobaciulus plantarum,10,MRS,N
303,quadratic,88,87,25066.493625615647,638867820.3368323,1396.21267638294,1403.6446868263745,"-2449.77,120.153,-0.0385232",Lactobaciulus plantarum,15,MRS,N
303,cubic,88,87,25066.493625615647,533340302.4790422,1382.3253418495622,1392.2346891074749,"1196.25,-192.697,6.24955,-0.0343923",Lactobaciulus plantarum,15,MRS,N
303,logistic,88,87,25066.493625615647,438733817.32163453,1363.1418637909892,1370.5738742344238,"9143.36,0.178672,58.4263",Lactobaciulus plantarum,15,MRS,N
303,gompertz,88,87,25066.493625615647,446370276.6772826,1364.6603859692184,1372.092396412653,"9201.73,0.127805,54.7808",Lactobaciulus plantarum,15,MRS,N
304,quadratic,108,108,21269.931721049532,402400655.9529908,1640.129378610421,1648.1757722917937,"-431.272,-19.7509,5.40335",Lactobaciulus plantarum,20,MRS,N
304,cubic,108,108,21269.931721049532,337608140.3375422,1623.1686422097027,1633.8971671181996,"1926.56,-510.306,28.0085,-0.276421",Lactobaciulus plantarum,20,MRS,N
304,logistic,108,108,21269.931721049532,296059572.266138,1606.9855224376013,1615.0319161189739,"12148,0.222915,33.5544",Lactobaciulus plantarum,20,MRS,N
304,gompertz,108,108,21269.931721049532,301417027.5761654,1608.922403921128,1616.9687976025007,"13003.5,0.126418,31.0969",Lactobaciulus plantarum,20,MRS,N
305,quadratic,89,87,27149.55312920975,879122887.1030214,1439.416100270906,1446.8820093801025,"-3391.04,589.004,-4.34562",Lactobaciulus plantarum,25,MRS,N
305,cubic,89,87,27149.55312920975,690042387.1526997,1419.862822098754,1429.8173675776825,"18.228,-264.648,40.004,-0.590919",Lactobaciulus plantarum,25,MRS,N
305,logistic,89,87,27149.55312920975,587304729.6255393,1403.515202346756,1410.9811114559525,"12618.7,0.418821,19.5544",Lactobaciulus plantarum,25,MRS,N
305,gompertz,89,87,27149.55312920975,583705989.7852442,1402.968172590661,1410.4340816998574,"13013.1,0.255302,18.0497",Lactobaciulus plantarum,25,MRS,N
