curve_num,curve_id,Species,Temp,Medium,Rep,PopBio_units,n_points,time_min,time_max,pop_min,pop_max
1,"Chryseobacterium.balustinum_5_TSB_Bae, Y.M., Zheng, L., Hyun, J.E., Jung, K.S., Heu, S. and Lee, S.Y., 2014. Growth characteristics and biofilm formation of various spoilage bacteria isolated from fresh produce. Journal of food science, 79(10), pp.M2072-M2080._1",Chryseobacterium.balustinum,5,TSB,1,OD_595,29,-1.4210854715202e-14,669.879518072289,0.0052173913043479,0.285151038938362
2,"Enterobacter.sp._5_TSB_Bae, Y.M., Zheng, L., Hyun, J.E., Jung, K.S., Heu, S. and Lee, S.Y., 2014. Growth characteristics and biofilm formation of various spoilage bacteria isolated from fresh produce. Journal of food science, 79(10), pp.M2072-M2080._1",Enterobacter.sp.,5,TSB,1,OD_595,29,-4.2632564145606e-14,669.879518072289,0.0295652173913047,0.581917234154007
3,"Pantoea.agglomerans.1_5_TSB_Bae, Y.M., Zheng, L., Hyun, J.E., Jung, K.S., Heu, S. and Lee, S.Y., 2014. Growth characteristics and biofilm formation of various spoilage bacteria isolated from fresh produce. Journal of food science, 79(10), pp.M2072-M2080._1",Pantoea.agglomerans.1,5,TSB,1,OD_595,29,-4.2632564145606e-14,671.084337349398,0.0052173913043478,0.519444735463594
4,"Pantoea.agglomerans.2_5_TSB_Bae, Y.M., Zheng, L., Hyun, J.E., Jung, K.S., Heu, S. and Lee, S.Y., 2014. Growth characteristics and biofilm formation of various spoilage bacteria isolated from fresh produce. Journal of food science, 79(10), pp.M2072-M2080._1",Pantoea.agglomerans.2,5,TSB,1,OD_595,31,-1.4210854715202e-14,671.084337349398,0.0052173913043479,0.564452592980618
5,"Bacillus.pumilus_5_TSB_Bae, Y.M., Zheng, L., Hyun, J.E., Jung, K.S., Heu, S. and Lee, S.Y., 2014. Growth characteristics and biofilm formation of various spoilage bacteria isolated from fresh produce. Journal of food science, 79(10), pp.M2072-M2080._1",Bacillus.pumilus,5,TSB,1,OD_595,29,-1.4210854715202e-14,672.289156626506,-0.0011838658983759,0.0066107909900473
6,"Clavibacter.michiganensis_5_TSB_Bae, Y.M., Zheng, L., Hyun, J.E., Jung, K.S., Heu, S. and Lee, S.Y., 2014. Growth characteristics and biofilm formation of various spoilage bacteria isolated from fresh produce. Journal of food science, 79(10), pp.M2072-M2080._1",Clavibacter.michiganensis,5,TSB,1,OD_595,29,-3.41060513164848e-13,670.588235294118,0.0140762463343111,0.404692082111437
7,"Pseudomonas.fluorescens.1_5_TSB_Bae, Y.M., Zheng, L., Hyun, J.E., Jung, K.S., Heu, S. and Lee, S.Y., 2014. Growth characteristics and biofilm formation of various spoilage bacteria isolated from fresh produce. Journal of food science, 79(10), pp.M2072-M2080._1",Pseudomonas.fluorescens.1,5,TSB,1,OD_595,29,-3.41060513164848e-13,670.588235294117,0.0052785923753666,0.283284457478006
8,"Pseudomonas.fluorescens.2_5_TSB_Bae, Y.M., Zheng, L., Hyun, J.E., Jung, K.S., Heu, S. and Lee, S.Y., 2014. Growth characteristics and biofilm formation of various spoilage bacteria isolated from fresh produce. Journal of food science, 79(10), pp.M2072-M2080._1",Pseudomonas.fluorescens.2,5,TSB,1,OD_595,29,-4.54747350886464e-13,671.805273833671,0.0035190615835777,0.170674486803519
9,"Acinetobacter.clacoaceticus.1_5_TSB_Bae, Y.M., Zheng, L., Hyun, J.E., Jung, K.S., Heu, S. and Lee, S.Y., 2014. Growth characteristics and biofilm formation of various spoilage bacteria isolated from fresh produce. Journal of food science, 79(10), pp.M2072-M2080._1",Acinetobacter.clacoaceticus.1,5,TSB,1,OD_595,29,-2.27373675443232e-13,671.805273833671,0.0175953079178884,0.130205278592375
10,"Acinetobacter.clacoaceticus.2_5_TSB_Bae, Y.M., Zheng, L., Hyun, J.E., Jung, K.S., Heu, S. and Lee, S.Y., 2014. Growth characteristics and biofilm formation of various spoilage bacteria isolated from fresh produce. Journal of food science, 79(10), pp.M2072-M2080._1",Acinetobacter.clacoaceticus.2,5,TSB,1,OD_595,29,-3.41060513164848e-13,670.588235294117,0.0087976539589443,0.110850439882698
11,"Stenotrophomonas.maltophilia.1_5_TSB_Bae, Y.M., Zheng, L., Hyun, J.E., Jung, K.S., Heu, S. and Lee, S.Y., 2014. Growth characteristics and biofilm formation of various spoilage bacteria isolated from fresh produce. Journal of food science, 79(10), pp.M2072-M2080._1",Stenotrophomonas.maltophilia.1,5,TSB,1,OD_595,29,-0.0279378383097253,670.66876200454,0.0052173913043476,0.222608695652174
12,"Stenotrophomonas.maltophilia.2_5_TSB_Bae, Y.M., Zheng, L., Hyun, J.E., Jung, K.S., Heu, S. and Lee, S.Y., 2014. Growth characteristics and biofilm formation of various spoilage bacteria isolated from fresh produce. Journal of food science, 79(10), pp.M2072-M2080._1",Stenotrophomonas.maltophilia.2,5,TSB,1,OD_595,29,-0.0314300680984445,670.563995110878,0.0069565217391303,0.264347826086957
13,"Klebsiella.pneumonia_5_TSB_Bae, Y.M., Zheng, L., Hyun, J.E., Jung, K.S., Heu, S. and Lee, S.Y., 2014. Growth characteristics and biofilm formation of various spoilage bacteria isolated from fresh produce. Journal of food science, 79(10), pp.M2072-M2080._1",Klebsiella.pneumonia,5,TSB,1,OD_595,29,-0.090797974506728,670.3404924044,0.0365217391304349,0.398260869565218
14,"Dickeya.zeae_5_TSB_Bae, Y.M., Zheng, L., Hyun, J.E., Jung, K.S., Heu, S. and Lee, S.Y., 2014. Growth characteristics and biofilm formation of various spoilage bacteria isolated from fresh produce. Journal of food science, 79(10), pp.M2072-M2080._1",Dickeya.zeae,5,TSB,1,OD_595,29,-0.0384145276759114,672.247249869041,0.0034782608695653,0.0139130434782615
15,"Pectobacterium.carotovorum.subsp..Carotovorum.Pcc2_5_TSB_Bae, Y.M., Zheng, L., Hyun, J.E., Jung, K.S., Heu, S. and Lee, S.Y., 2014. Growth characteristics and biofilm formation of various spoilage bacteria isolated from fresh produce. Journal of food science, 79(10), pp.M2072-M2080._1",Pectobacterium.carotovorum.subsp..Carotovorum.Pcc2,5,TSB,1,OD_595,29,1.18037366858741,672.198358651999,0.0,0.0365217391304353
16,"Pantoea.agglomerans..RDA.R._5_TSB_Bae, Y.M., Zheng, L., Hyun, J.E., Jung, K.S., Heu, S. and Lee, S.Y., 2014. Growth characteristics and biofilm formation of various spoilage bacteria isolated from fresh produce. Journal of food science, 79(10), pp.M2072-M2080._1",Pantoea.agglomerans..RDA.R.,5,TSB,1,OD_595,29,-1.23275711541822,671.489436004889,0.0052173913043476,0.443478260869565
17,"Dickeya.zeae..RDA.R._5_TSB_Bae, Y.M., Zheng, L., Hyun, J.E., Jung, K.S., Heu, S. and Lee, S.Y., 2014. Growth characteristics and biofilm formation of various spoilage bacteria isolated from fresh produce. Journal of food science, 79(10), pp.M2072-M2080._1",Dickeya.zeae..RDA.R.,5,TSB,1,OD_595,29,-1.24594083321506,672.046436251826,-0.000151583306118086,0.0103557278155368
18,"Acinetobacter.clacoaceticus..RDA.R._5_TSB_Bae, Y.M., Zheng, L., Hyun, J.E., Jung, K.S., Heu, S. and Lee, S.Y., 2014. Growth characteristics and biofilm formation of various spoilage bacteria isolated from fresh produce. Journal of food science, 79(10), pp.M2072-M2080._1",Acinetobacter.clacoaceticus..RDA.R.,5,TSB,1,OD_595,29,-1.26812375606164,671.950310252824,0.01249637987023,0.0539932342085316
19,"Stenotrophomonas.maltophilia..RDA.R._5_TSB_Bae, Y.M., Zheng, L., Hyun, J.E., Jung, K.S., Heu, S. and Lee, S.Y., 2014. Growth characteristics and biofilm formation of various spoilage bacteria isolated from fresh produce. Journal of food science, 79(10), pp.M2072-M2080._1",Stenotrophomonas.maltophilia..RDA.R.,5,TSB,1,OD_595,29,-1.24594083321517,671.735875331974,0.0017820281353406,0.155635386691478
20,"Klebsiella.pneumonia..RDA.R._5_TSB_Bae, Y.M., Zheng, L., Hyun, J.E., Jung, K.S., Heu, S. and Lee, S.Y., 2014. Growth characteristics and biofilm formation of various spoilage bacteria isolated from fresh produce. Journal of food science, 79(10), pp.M2072-M2080._1",Klebsiella.pneumonia..RDA.R.,5,TSB,1,OD_595,29,-0.0349222978872206,671.042430591933,0.0034782608695653,0.0121739130434788
21,"Bacillus.pumilus..RDA.R._5_TSB_Bae, Y.M., Zheng, L., Hyun, J.E., Jung, K.S., Heu, S. and Lee, S.Y., 2014. Growth characteristics and biofilm formation of various spoilage bacteria isolated from fresh produce. Journal of food science, 79(10), pp.M2072-M2080._1",Bacillus.pumilus..RDA.R.,5,TSB,1,OD_595,29,-3.72303388441446,672.050133405634,-0.0034346558874094,0.0044217959540813
22,"Clavibacter.michiganensis..RDA.R._5_TSB_Bae, Y.M., Zheng, L., Hyun, J.E., Jung, K.S., Heu, S. and Lee, S.Y., 2014. Growth characteristics and biofilm formation of various spoilage bacteria isolated from fresh produce. Journal of food science, 79(10), pp.M2072-M2080._1",Clavibacter.michiganensis..RDA.R.,5,TSB,1,OD_595,29,-1.27551806367717,671.392040027852,0.0160678304485264,0.319563489373764
23,"Chryseobacterium.balustinum_15_TSB_Bae, Y.M., Zheng, L., Hyun, J.E., Jung, K.S., Heu, S. and Lee, S.Y., 2014. Growth characteristics and biofilm formation of various spoilage bacteria isolated from fresh produce. Journal of food science, 79(10), pp.M2072-M2080._1",Chryseobacterium.balustinum,15,TSB,1,OD_595,22,-0.923787528868374,479.445727482679,0.0080000000000002,0.336
24,"Enterobacter.sp._15_TSB_Bae, Y.M., Zheng, L., Hyun, J.E., Jung, K.S., Heu, S. and Lee, S.Y., 2014. Growth characteristics and biofilm formation of various spoilage bacteria isolated from fresh produce. Journal of food science, 79(10), pp.M2072-M2080._1",Enterobacter.sp.,15,TSB,1,OD_595,30,-1.4210854715202e-14,479.445727482679,0.0266666666666668,0.858666666666667
25,"Pantoea.agglomerans.1_15_TSB_Bae, Y.M., Zheng, L., Hyun, J.E., Jung, K.S., Heu, S. and Lee, S.Y., 2014. Growth characteristics and biofilm formation of various spoilage bacteria isolated from fresh produce. Journal of food science, 79(10), pp.M2072-M2080._1",Pantoea.agglomerans.1,15,TSB,1,OD_595,27,0.0,480.369515011548,0.0,0.701333333333334
26,"Pantoea.agglomerans.2_15_TSB_Bae, Y.M., Zheng, L., Hyun, J.E., Jung, K.S., Heu, S. and Lee, S.Y., 2014. Growth characteristics and biofilm formation of various spoilage bacteria isolated from fresh produce. Journal of food science, 79(10), pp.M2072-M2080._1",Pantoea.agglomerans.2,15,TSB,1,OD_595,27,0.0,480.369515011548,0.0,0.794666666666667
27,"Bacillus.pumilus_15_TSB_Bae, Y.M., Zheng, L., Hyun, J.E., Jung, K.S., Heu, S. and Lee, S.Y., 2014. Growth characteristics and biofilm formation of various spoilage bacteria isolated from fresh produce. Journal of food science, 79(10), pp.M2072-M2080._1",Bacillus.pumilus,15,TSB,1,OD_595,22,2.77136258660506,480.369515011548,0.0053333333333334,0.173333333333334
28,"Clavibacter.michiganensis_15_TSB_Bae, Y.M., Zheng, L., Hyun, J.E., Jung, K.S., Heu, S. and Lee, S.Y., 2014. Growth characteristics and biofilm formation of various spoilage bacteria isolated from fresh produce. Journal of food science, 79(10), pp.M2072-M2080._1",Clavibacter.michiganensis,15,TSB,1,OD_595,24,-1.13686837721616e-13,479.445727482679,0.008024634334103,0.687150115473441
29,"Pseudomonas.fluorescens.1_15_TSB_Bae, Y.M., Zheng, L., Hyun, J.E., Jung, K.S., Heu, S. and Lee, S.Y., 2014. Growth characteristics and biofilm formation of various spoilage bacteria isolated from fresh produce. Journal of food science, 79(10), pp.M2072-M2080._1",Pseudomonas.fluorescens.1,15,TSB,1,OD_595,23,1.84757505773666,479.445727482679,0.0054072363356425,0.299842956120092
30,"Pseudomonas.fluorescens.2_15_TSB_Bae, Y.M., Zheng, L., Hyun, J.E., Jung, K.S., Heu, S. and Lee, S.Y., 2014. Growth characteristics and biofilm formation of various spoilage bacteria isolated from fresh produce. Journal of food science, 79(10), pp.M2072-M2080._1",Pseudomonas.fluorescens.2,15,TSB,1,OD_595,23,0.923787528868274,480.369515011547,0.0080492686682063,0.286509622786759
31,"Acinetobacter.clacoaceticus.1_15_TSB_Bae, Y.M., Zheng, L., Hyun, J.E., Jung, K.S., Heu, S. and Lee, S.Y., 2014. Growth characteristics and biofilm formation of various spoilage bacteria isolated from fresh produce. Journal of food science, 79(10), pp.M2072-M2080._1",Acinetobacter.clacoaceticus.1,15,TSB,1,OD_595,22,-1.13686837721616e-13,480.369515011547,0.008024634334103,0.247895304080061
32,"Acinetobacter.clacoaceticus.2_15_TSB_Bae, Y.M., Zheng, L., Hyun, J.E., Jung, K.S., Heu, S. and Lee, S.Y., 2014. Growth characteristics and biofilm formation of various spoilage bacteria isolated from fresh produce. Journal of food science, 79(10), pp.M2072-M2080._1",Acinetobacter.clacoaceticus.2,15,TSB,1,OD_595,25,1.84757505773666,480.369515011547,0.0027405696689759,0.226586605080831
33,"Stenotrophomonas.maltophilia.1_15_TSB_Bae, Y.M., Zheng, L., Hyun, J.E., Jung, K.S., Heu, S. and Lee, S.Y., 2014. Growth characteristics and biofilm formation of various spoilage bacteria isolated from fresh produce. Journal of food science, 79(10), pp.M2072-M2080._1",Stenotrophomonas.maltophilia.1,15,TSB,1,OD_595,23,1.83779268322645,479.226554630107,0.0052701407827817,0.259035404535515
34,"Stenotrophomonas.maltophilia.2_15_TSB_Bae, Y.M., Zheng, L., Hyun, J.E., Jung, K.S., Heu, S. and Lee, S.Y., 2014. Growth characteristics and biofilm formation of various spoilage bacteria isolated from fresh produce. Journal of food science, 79(10), pp.M2072-M2080._1",Stenotrophomonas.maltophilia.2,15,TSB,1,OD_595,23,0.91889634161322,479.236382398467,0.0026227856809413,0.327866637183362
35,"Klebsiella.pneumonia_15_TSB_Bae, Y.M., Zheng, L., Hyun, J.E., Jung, K.S., Heu, S. and Lee, S.Y., 2014. Growth characteristics and biofilm formation of various spoilage bacteria isolated from fresh produce. Journal of food science, 79(10), pp.M2072-M2080._1",Klebsiella.pneumonia,15,TSB,1,OD_595,35,-0.127760988673487,478.956291000221,0.0052947102036808,0.854463035306258
36,"Dickeya.zeae_15_TSB_Bae, Y.M., Zheng, L., Hyun, J.E., Jung, K.S., Heu, S. and Lee, S.Y., 2014. Growth characteristics and biofilm formation of various spoilage bacteria isolated from fresh produce. Journal of food science, 79(10), pp.M2072-M2080._1",Dickeya.zeae,15,TSB,1,OD_595,25,5.4888086287806,479.830962384217,0.0291577602515911,0.724791774157884
37,"Pectobacterium.carotovorum.subsp..Carotovorum.Pcc2_15_TSB_Bae, Y.M., Zheng, L., Hyun, J.E., Jung, K.S., Heu, S. and Lee, S.Y., 2014. Growth characteristics and biofilm formation of various spoilage bacteria isolated from fresh produce. Journal of food science, 79(10), pp.M2072-M2080._1",Pectobacterium.carotovorum.subsp..Carotovorum.Pcc2,15,TSB,1,OD_595,24,-0.0049138841797429,479.56561263851,0.0026350703913911,0.636704257880642
38,"Pantoea.agglomerans..RDA.R._15_TSB_Bae, Y.M., Zheng, L., Hyun, J.E., Jung, K.S., Heu, S. and Lee, S.Y., 2014. Growth characteristics and biofilm formation of various spoilage bacteria isolated from fresh produce. Journal of food science, 79(10), pp.M2072-M2080._1",Pantoea.agglomerans..RDA.R.,15,TSB,1,OD_595,23,0.91889634161322,479.924326183632,0.0026227856809413,0.639671015454167
39,"Dickeya.zeae..RDA.R._15_TSB_Bae, Y.M., Zheng, L., Hyun, J.E., Jung, K.S., Heu, S. and Lee, S.Y., 2014. Growth characteristics and biofilm formation of various spoilage bacteria isolated from fresh produce. Journal of food science, 79(10), pp.M2072-M2080._1",Dickeya.zeae..RDA.R.,15,TSB,1,OD_595,24,-1.13686837721616e-13,480.369515011547,0.0026666666666659,0.752954580446496
40,"Acinetobacter.clacoaceticus..RDA.R._15_TSB_Bae, Y.M., Zheng, L., Hyun, J.E., Jung, K.S., Heu, S. and Lee, S.Y., 2014. Growth characteristics and biofilm formation of various spoilage bacteria isolated from fresh produce. Journal of food science, 79(10), pp.M2072-M2080._1",Acinetobacter.clacoaceticus..RDA.R.,15,TSB,1,OD_595,22,-0.923787528868615,479.445727482679,0.0053271747498069,0.176634334103155
41,"Stenotrophomonas.maltophilia..RDA.R._15_TSB_Bae, Y.M., Zheng, L., Hyun, J.E., Jung, K.S., Heu, S. and Lee, S.Y., 2014. Growth characteristics and biofilm formation of various spoilage bacteria isolated from fresh produce. Journal of food science, 79(10), pp.M2072-M2080._1",Stenotrophomonas.maltophilia..RDA.R.,15,TSB,1,OD_595,23,-0.923787528868615,480.369515011547,0.0053271747498069,0.227621247113164
42,"Klebsiella.pneumonia..RDA.R._15_TSB_Bae, Y.M., Zheng, L., Hyun, J.E., Jung, K.S., Heu, S. and Lee, S.Y., 2014. Growth characteristics and biofilm formation of various spoilage bacteria isolated from fresh produce. Journal of food science, 79(10), pp.M2072-M2080._1",Klebsiella.pneumonia..RDA.R.,15,TSB,1,OD_595,32,0.923787528868161,479.445727482679,0.0160061585835245,0.77428791377983
43,"Bacillus.pumilus..RDA.R._15_TSB_Bae, Y.M., Zheng, L., Hyun, J.E., Jung, K.S., Heu, S. and Lee, S.Y., 2014. Growth characteristics and biofilm formation of various spoilage bacteria isolated from fresh produce. Journal of food science, 79(10), pp.M2072-M2080._1",Bacillus.pumilus..RDA.R.,15,TSB,1,OD_595,22,-1.13686837721616e-13,480.369515011547,0.0026666666666663,0.221222478829868
44,"Clavibacter.michiganensis..RDA.R._15_TSB_Bae, Y.M., Zheng, L., Hyun, J.E., Jung, K.S., Heu, S. and Lee, S.Y., 2014. Growth characteristics and biofilm formation of various spoilage bacteria isolated from fresh produce. Journal of food science, 79(10), pp.M2072-M2080._1",Clavibacter.michiganensis..RDA.R.,15,TSB,1,OD_595,24,-1.13686837721616e-13,479.445727482679,0.0159999999999991,0.553120862201693
45,"Chryseobacterium.balustinum_25_TSB_Bae, Y.M., Zheng, L., Hyun, J.E., Jung, K.S., Heu, S. and Lee, S.Y., 2014. Growth characteristics and biofilm formation of various spoilage bacteria isolated from fresh produce. Journal of food science, 79(10), pp.M2072-M2080._1",Chryseobacterium.balustinum,25,TSB,1,OD_595,12,1.94379293013904,184.815714525046,0.0079787234042552,0.351063829787234
46,"Enterobacter.sp._25_TSB_Bae, Y.M., Zheng, L., Hyun, J.E., Jung, K.S., Heu, S. and Lee, S.Y., 2014. Growth characteristics and biofilm formation of various spoilage bacteria isolated from fresh produce. Journal of food science, 79(10), pp.M2072-M2080._1",Enterobacter.sp.,25,TSB,1,OD_595,17,3.82015412966996,277.156140056961,0.0292553191489362,0.952127659574468
47,"Pantoea.agglomerans.1_25_TSB_Bae, Y.M., Zheng, L., Hyun, J.E., Jung, K.S., Heu, S. and Lee, S.Y., 2014. Growth characteristics and biofilm formation of various spoilage bacteria isolated from fresh produce. Journal of food science, 79(10), pp.M2072-M2080._1",Pantoea.agglomerans.1,25,TSB,1,OD_595,15,2.59172390685205,193.37954431228,0.0106382978723405,0.75
48,"Pantoea.agglomerans.2_25_TSB_Bae, Y.M., Zheng, L., Hyun, J.E., Jung, K.S., Heu, S. and Lee, S.Y., 2014. Growth characteristics and biofilm formation of various spoilage bacteria isolated from fresh produce. Journal of food science, 79(10), pp.M2072-M2080._1",Pantoea.agglomerans.2,25,TSB,1,OD_595,15,1.57145250460712,177.74124643994,0.0053191489361701,0.856382978723404
49,"Bacillus.pumilus_25_TSB_Bae, Y.M., Zheng, L., Hyun, J.E., Jung, K.S., Heu, S. and Lee, S.Y., 2014. Growth characteristics and biofilm formation of various spoilage bacteria isolated from fresh produce. Journal of food science, 79(10), pp.M2072-M2080._1",Bacillus.pumilus,25,TSB,1,OD_595,14,1.295861953426,177.465655888759,0.0053191489361701,0.287234042553192
50,"Clavibacter.michiganensis_25_TSB_Bae, Y.M., Zheng, L., Hyun, J.E., Jung, K.S., Heu, S. and Lee, S.Y., 2014. Growth characteristics and biofilm formation of various spoilage bacteria isolated from fresh produce. Journal of food science, 79(10), pp.M2072-M2080._1",Clavibacter.michiganensis,25,TSB,1,OD_595,15,0.552268244575856,144.14201183432,0.0159046557740703,0.797048221451405
51,"Pseudomonas.fluorescens.1_25_TSB_Bae, Y.M., Zheng, L., Hyun, J.E., Jung, K.S., Heu, S. and Lee, S.Y., 2014. Growth characteristics and biofilm formation of various spoilage bacteria isolated from fresh produce. Journal of food science, 79(10), pp.M2072-M2080._1",Pseudomonas.fluorescens.1,25,TSB,1,OD_595,13,0.552268244575913,144.14201183432,0.0105996159862718,0.253281643202068
52,"Pseudomonas.fluorescens.2_25_TSB_Bae, Y.M., Zheng, L., Hyun, J.E., Jung, K.S., Heu, S. and Lee, S.Y., 2014. Growth characteristics and biofilm formation of various spoilage bacteria isolated from fresh produce. Journal of food science, 79(10), pp.M2072-M2080._1",Pseudomonas.fluorescens.2,25,TSB,1,OD_595,13,-0.276134122288028,144.142011834319,0.0053102715824611,0.310726748596571
53,"Acinetobacter.clacoaceticus.1_25_TSB_Bae, Y.M., Zheng, L., Hyun, J.E., Jung, K.S., Heu, S. and Lee, S.Y., 2014. Growth characteristics and biofilm formation of various spoilage bacteria isolated from fresh produce. Journal of food science, 79(10), pp.M2072-M2080._1",Acinetobacter.clacoaceticus.1,25,TSB,1,OD_595,14,-0.276134122288056,143.865877712032,0.0159203511580579,0.198033891565824
54,"Acinetobacter.clacoaceticus.2_25_TSB_Bae, Y.M., Zheng, L., Hyun, J.E., Jung, K.S., Heu, S. and Lee, S.Y., 2014. Growth characteristics and biofilm formation of various spoilage bacteria isolated from fresh produce. Journal of food science, 79(10), pp.M2072-M2080._1",Acinetobacter.clacoaceticus.2,25,TSB,1,OD_595,15,-0.276134122287999,143.865877712032,0.0053102715824611,0.409780316942121
55,"Stenotrophomonas.maltophilia.1_25_TSB_Bae, Y.M., Zheng, L., Hyun, J.E., Jung, K.S., Heu, S. and Lee, S.Y., 2014. Growth characteristics and biofilm formation of various spoilage bacteria isolated from fresh produce. Journal of food science, 79(10), pp.M2072-M2080._1",Stenotrophomonas.maltophilia.1,25,TSB,1,OD_595,15,-0.0058636287485249,143.821620036857,0.0186170212765955,0.25
56,"Stenotrophomonas.maltophilia.2_25_TSB_Bae, Y.M., Zheng, L., Hyun, J.E., Jung, K.S., Heu, S. and Lee, S.Y., 2014. Growth characteristics and biofilm formation of various spoilage bacteria isolated from fresh produce. Journal of food science, 79(10), pp.M2072-M2080._1",Stenotrophomonas.maltophilia.2,25,TSB,1,OD_595,16,0.269726922432575,143.443415982577,0.0186170212765955,0.566489361702127
57,"Klebsiella.pneumonia_25_TSB_Bae, Y.M., Zheng, L., Hyun, J.E., Jung, K.S., Heu, S. and Lee, S.Y., 2014. Growth characteristics and biofilm formation of various spoilage bacteria isolated from fresh produce. Journal of food science, 79(10), pp.M2072-M2080._1",Klebsiella.pneumonia,25,TSB,1,OD_595,17,-0.0117272574970677,143.613461216284,0.0398936170212769,0.946808510638298
58,"Dickeya.zeae_25_TSB_Bae, Y.M., Zheng, L., Hyun, J.E., Jung, K.S., Heu, S. and Lee, S.Y., 2014. Growth characteristics and biofilm formation of various spoilage bacteria isolated from fresh produce. Journal of food science, 79(10), pp.M2072-M2080._1",Dickeya.zeae,25,TSB,1,OD_595,16,0.545317473613672,143.747591723907,0.0186170212765959,0.797872340425532
59,"Pectobacterium.carotovorum.subsp..Carotovorum.Pcc2_25_TSB_Bae, Y.M., Zheng, L., Hyun, J.E., Jung, K.S., Heu, S. and Lee, S.Y., 2014. Growth characteristics and biofilm formation of various spoilage bacteria isolated from fresh produce. Journal of food science, 79(10), pp.M2072-M2080._1",Pectobacterium.carotovorum.subsp..Carotovorum.Pcc2,25,TSB,1,OD_595,17,0.274124643993968,143.728534930474,0.0026595744680846,0.710106382978723
60,"Pantoea.agglomerans..RDA.R._25_TSB_Bae, Y.M., Zheng, L., Hyun, J.E., Jung, K.S., Heu, S. and Lee, S.Y., 2014. Growth characteristics and biofilm formation of various spoilage bacteria isolated from fresh produce. Journal of food science, 79(10), pp.M2072-M2080._1",Pantoea.agglomerans..RDA.R.,25,TSB,1,OD_595,17,-0.0036647679678232,144.039307254146,0.0106382978723403,0.686170212765957
61,"Dickeya.zeae..RDA.R._25_TSB_Bae, Y.M., Zheng, L., Hyun, J.E., Jung, K.S., Heu, S. and Lee, S.Y., 2014. Growth characteristics and biofilm formation of various spoilage bacteria isolated from fresh produce. Journal of food science, 79(10), pp.M2072-M2080._1",Dickeya.zeae..RDA.R.,25,TSB,1,OD_595,16,-0.281993732309957,143.690089411371,0.0212201591511936,0.803713527851459
62,"Acinetobacter.clacoaceticus..RDA.R._25_TSB_Bae, Y.M., Zheng, L., Hyun, J.E., Jung, K.S., Heu, S. and Lee, S.Y., 2014. Growth characteristics and biofilm formation of various spoilage bacteria isolated from fresh produce. Journal of food science, 79(10), pp.M2072-M2080._1",Acinetobacter.clacoaceticus..RDA.R.,25,TSB,1,OD_595,15,-0.279063927298978,143.846101528207,0.0106100795755975,0.143236074270558
63,"Stenotrophomonas.maltophilia..RDA.R._25_TSB_Bae, Y.M., Zheng, L., Hyun, J.E., Jung, K.S., Heu, S. and Lee, S.Y., 2014. Growth characteristics and biofilm formation of various spoilage bacteria isolated from fresh produce. Journal of food science, 79(10), pp.M2072-M2080._1",Stenotrophomonas.maltophilia..RDA.R.,25,TSB,1,OD_595,13,1.10233913539358,144.088542892868,0.007957559681698,0.230769230769232
64,"Klebsiella.pneumonia..RDA.R._25_TSB_Bae, Y.M., Zheng, L., Hyun, J.E., Jung, K.S., Heu, S. and Lee, S.Y., 2014. Growth characteristics and biofilm formation of various spoilage bacteria isolated from fresh produce. Journal of food science, 79(10), pp.M2072-M2080._1",Klebsiella.pneumonia..RDA.R.,25,TSB,1,OD_595,17,-0.0109867687912413,143.920811555988,0.0397877984084887,0.883289124668435
65,"Bacillus.pumilus..RDA.R._25_TSB_Bae, Y.M., Zheng, L., Hyun, J.E., Jung, K.S., Heu, S. and Lee, S.Y., 2014. Growth characteristics and biofilm formation of various spoilage bacteria isolated from fresh produce. Journal of food science, 79(10), pp.M2072-M2080._1",Bacillus.pumilus..RDA.R.,25,TSB,1,OD_595,15,0.275401671035212,144.059244842758,0.0026525198938998,0.299734748010611
66,"Clavibacter.michiganensis..RDA.R._25_TSB_Bae, Y.M., Zheng, L., Hyun, J.E., Jung, K.S., Heu, S. and Lee, S.Y., 2014. Growth characteristics and biofilm formation of various spoilage bacteria isolated from fresh produce. Journal of food science, 79(10), pp.M2072-M2080._1",Clavibacter.michiganensis..RDA.R.,25,TSB,1,OD_595,17,-0.279796378551708,144.069499160297,0.0106100795755975,0.56763925729443
67,"Chryseobacterium.balustinum_35_TSB_Bae, Y.M., Zheng, L., Hyun, J.E., Jung, K.S., Heu, S. and Lee, S.Y., 2014. Growth characteristics and biofilm formation of various spoilage bacteria isolated from fresh produce. Journal of food science, 79(10), pp.M2072-M2080._1",Chryseobacterium.balustinum,35,TSB,1,OD_595,15,0.0,143.843137254902,0.0026525198938993,0.351947781765226
68,"Enterobacter.sp._35_TSB_Bae, Y.M., Zheng, L., Hyun, J.E., Jung, K.S., Heu, S. and Lee, S.Y., 2014. Growth characteristics and biofilm formation of various spoilage bacteria isolated from fresh produce. Journal of food science, 79(10), pp.M2072-M2080._1",Enterobacter.sp.,35,TSB,1,OD_595,17,0.0,143.843137254902,0.0265251989389923,0.956264627867062
69,"Pantoea.agglomerans.1_35_TSB_Bae, Y.M., Zheng, L., Hyun, J.E., Jung, K.S., Heu, S. and Lee, S.Y., 2014. Growth characteristics and biofilm formation of various spoilage bacteria isolated from fresh produce. Journal of food science, 79(10), pp.M2072-M2080._1",Pantoea.agglomerans.1,35,TSB,1,OD_595,16,0.274509803921575,144.117647058824,0.0053102408071981,0.75157330836844
70,"Pantoea.agglomerans.2_35_TSB_Bae, Y.M., Zheng, L., Hyun, J.E., Jung, K.S., Heu, S. and Lee, S.Y., 2014. Growth characteristics and biofilm formation of various spoilage bacteria isolated from fresh produce. Journal of food science, 79(10), pp.M2072-M2080._1",Pantoea.agglomerans.2,35,TSB,1,OD_595,15,0.0,144.117647058824,0.0026525198938993,0.854569095542726
71,"Bacillus.pumilus_35_TSB_Bae, Y.M., Zheng, L., Hyun, J.E., Jung, K.S., Heu, S. and Lee, S.Y., 2014. Growth characteristics and biofilm formation of various spoilage bacteria isolated from fresh produce. Journal of food science, 79(10), pp.M2072-M2080._1",Bacillus.pumilus,35,TSB,1,OD_595,15,0.549019607843142,143.843137254902,1.04020387996506e-05,0.285634784417746
72,"Clavibacter.michiganensis_35_TSB_Bae, Y.M., Zheng, L., Hyun, J.E., Jung, K.S., Heu, S. and Lee, S.Y., 2014. Growth characteristics and biofilm formation of various spoilage bacteria isolated from fresh produce. Journal of food science, 79(10), pp.M2072-M2080._1",Clavibacter.michiganensis,35,TSB,1,OD_595,17,0.0037136066547987,144.09165181224,0.0133689839572189,0.77807486631016
73,"Pseudomonas.fluorescens.1_35_TSB_Bae, Y.M., Zheng, L., Hyun, J.E., Jung, K.S., Heu, S. and Lee, S.Y., 2014. Growth characteristics and biofilm formation of various spoilage bacteria isolated from fresh produce. Journal of food science, 79(10), pp.M2072-M2080._1",Pseudomonas.fluorescens.1,35,TSB,1,OD_595,17,0.001485442661874,144.213458110517,0.0053475935828877,0.192513368983957
74,"Pseudomonas.fluorescens.2_35_TSB_Bae, Y.M., Zheng, L., Hyun, J.E., Jung, K.S., Heu, S. and Lee, S.Y., 2014. Growth characteristics and biofilm formation of various spoilage bacteria isolated from fresh produce. Journal of food science, 79(10), pp.M2072-M2080._1",Pseudomonas.fluorescens.2,35,TSB,1,OD_595,15,1.11779560308972,144.213458110517,0.0240641711229943,0.272727272727272
75,"Acinetobacter.clacoaceticus.1_35_TSB_Bae, Y.M., Zheng, L., Hyun, J.E., Jung, K.S., Heu, S. and Lee, S.Y., 2014. Growth characteristics and biofilm formation of various spoilage bacteria isolated from fresh produce. Journal of food science, 79(10), pp.M2072-M2080._1",Acinetobacter.clacoaceticus.1,35,TSB,1,OD_595,16,0.0044563279857641,144.011437908497,0.0160427807486627,0.441176470588235
76,"Acinetobacter.clacoaceticus.2_35_TSB_Bae, Y.M., Zheng, L., Hyun, J.E., Jung, K.S., Heu, S. and Lee, S.Y., 2014. Growth characteristics and biofilm formation of various spoilage bacteria isolated from fresh produce. Journal of food science, 79(10), pp.M2072-M2080._1",Acinetobacter.clacoaceticus.2,35,TSB,1,OD_595,16,0.281491384432599,143.911170528817,0.0133689839572189,0.366310160427807
77,"Stenotrophomonas.maltophilia.1_35_TSB_Bae, Y.M., Zheng, L., Hyun, J.E., Jung, K.S., Heu, S. and Lee, S.Y., 2014. Growth characteristics and biofilm formation of various spoilage bacteria isolated from fresh produce. Journal of food science, 79(10), pp.M2072-M2080._1",Stenotrophomonas.maltophilia.1,35,TSB,1,OD_595,15,0.0052546916890037,143.969544235925,0.0187667560321723,0.238605898123325
78,"Stenotrophomonas.maltophilia.2_35_TSB_Bae, Y.M., Zheng, L., Hyun, J.E., Jung, K.S., Heu, S. and Lee, S.Y., 2014. Growth characteristics and biofilm formation of various spoilage bacteria isolated from fresh produce. Journal of food science, 79(10), pp.M2072-M2080._1",Stenotrophomonas.maltophilia.2,35,TSB,1,OD_595,16,0.286005361930293,143.959034852547,0.0214477211796251,0.227882037533512
79,"Klebsiella.pneumonia_35_TSB_Bae, Y.M., Zheng, L., Hyun, J.E., Jung, K.S., Heu, S. and Lee, S.Y., 2014. Growth characteristics and biofilm formation of various spoilage bacteria isolated from fresh produce. Journal of food science, 79(10), pp.M2072-M2080._1",Klebsiella.pneumonia,35,TSB,1,OD_595,18,0.0075067024128685,144.172975871314,0.0268096514745313,0.935656836461126
80,"Dickeya.zeae_35_TSB_Bae, Y.M., Zheng, L., Hyun, J.E., Jung, K.S., Heu, S. and Lee, S.Y., 2014. Growth characteristics and biofilm formation of various spoilage bacteria isolated from fresh produce. Journal of food science, 79(10), pp.M2072-M2080._1",Dickeya.zeae,35,TSB,1,OD_595,18,0.0045040214477154,144.008579088472,0.016085790884719,0.873994638069705
81,"Pectobacterium.carotovorum.subsp..Carotovorum.Pcc2_35_TSB_Bae, Y.M., Zheng, L., Hyun, J.E., Jung, K.S., Heu, S. and Lee, S.Y., 2014. Growth characteristics and biofilm formation of various spoilage bacteria isolated from fresh produce. Journal of food science, 79(10), pp.M2072-M2080._1",Pectobacterium.carotovorum.subsp..Carotovorum.Pcc2,35,TSB,1,OD_595,16,0.282976827094444,143.911170528817,0.0187165775401066,0.366310160427807
82,"Pantoea.agglomerans..RDA.R._35_TSB_Bae, Y.M., Zheng, L., Hyun, J.E., Jung, K.S., Heu, S. and Lee, S.Y., 2014. Growth characteristics and biofilm formation of various spoilage bacteria isolated from fresh produce. Journal of food science, 79(10), pp.M2072-M2080._1",Pantoea.agglomerans..RDA.R.,35,TSB,1,OD_595,17,0.003002680965146,144.278069705094,0.0107238605898132,0.683646112600536
83,"Dickeya.zeae..RDA.R._35_TSB_Bae, Y.M., Zheng, L., Hyun, J.E., Jung, K.S., Heu, S. and Lee, S.Y., 2014. Growth characteristics and biofilm formation of various spoilage bacteria isolated from fresh produce. Journal of food science, 79(10), pp.M2072-M2080._1",Dickeya.zeae..RDA.R.,35,TSB,1,OD_595,18,0.0,143.632734530938,0.0294117647058827,0.818181818181818
84,"Acinetobacter.clacoaceticus..RDA.R._35_TSB_Bae, Y.M., Zheng, L., Hyun, J.E., Jung, K.S., Heu, S. and Lee, S.Y., 2014. Growth characteristics and biofilm formation of various spoilage bacteria isolated from fresh produce. Journal of food science, 79(10), pp.M2072-M2080._1",Acinetobacter.clacoaceticus..RDA.R.,35,TSB,1,OD_595,15,0.558882235528927,143.912175648703,0.0133689839572195,0.13903743315508
85,"Stenotrophomonas.maltophilia..RDA.R._35_TSB_Bae, Y.M., Zheng, L., Hyun, J.E., Jung, K.S., Heu, S. and Lee, S.Y., 2014. Growth characteristics and biofilm formation of various spoilage bacteria isolated from fresh produce. Journal of food science, 79(10), pp.M2072-M2080._1",Stenotrophomonas.maltophilia..RDA.R.,35,TSB,1,OD_595,15,0.27944111776452,143.912175648703,0.0053475935828877,0.163101604278076
86,"Klebsiella.pneumonia..RDA.R._35_TSB_Bae, Y.M., Zheng, L., Hyun, J.E., Jung, K.S., Heu, S. and Lee, S.Y., 2014. Growth characteristics and biofilm formation of various spoilage bacteria isolated from fresh produce. Journal of food science, 79(10), pp.M2072-M2080._1",Klebsiella.pneumonia..RDA.R.,35,TSB,1,OD_595,18,0.0,143.912175648703,0.0401069518716572,0.911764705882353
87,"Bacillus.pumilus..RDA.R._35_TSB_Bae, Y.M., Zheng, L., Hyun, J.E., Jung, K.S., Heu, S. and Lee, S.Y., 2014. Growth characteristics and biofilm formation of various spoilage bacteria isolated from fresh produce. Journal of food science, 79(10), pp.M2072-M2080._1",Bacillus.pumilus..RDA.R.,35,TSB,1,OD_595,17,0.279441117764492,143.912175648703,0.0053475935828877,0.377005347593583
88,"Clavibacter.michiganensis..RDA.R._35_TSB_Bae, Y.M., Zheng, L., Hyun, J.E., Jung, K.S., Heu, S. and Lee, S.Y., 2014. Growth characteristics and biofilm formation of various spoilage bacteria isolated from fresh produce. Journal of food science, 79(10), pp.M2072-M2080._1",Clavibacter.michiganensis..RDA.R.,35,TSB,1,OD_595,17,0.279441117764463,144.191616766467,0.0187165775401064,0.641711229946525
89,"Tetraselmis tetrahele_5_ESAW_Bernhardt, J.R., Sunday, J.M. and O’Connor, M.I., 2018. Metabolic theory and the temperature-size rule explain the temperature dependence of population carrying capacity. The American naturalist, 192(6), pp.687-697._1",Tetraselmis tetrahele,5,ESAW,1,N,11,13.4556726930846,1015.89186356561,145.712799310917,19699.6643755473
90,"Tetraselmis tetrahele_5_ESAW_Bernhardt, J.R., Sunday, J.M. and O’Connor, M.I., 2018. Metabolic theory and the temperature-size rule explain the temperature dependence of population carrying capacity. The American naturalist, 192(6), pp.687-697._2",Tetraselmis tetrahele,5,ESAW,2,N,11,13.5052634823759,1015.9414543549,156.605197702724,22285.20673013
91,"Tetraselmis tetrahele_5_ESAW_Bernhardt, J.R., Sunday, J.M. and O’Connor, M.I., 2018. Metabolic theory and the temperature-size rule explain the temperature dependence of population carrying capacity. The American naturalist, 192(6), pp.687-697._3",Tetraselmis tetrahele,5,ESAW,3,N,11,12.0496948259129,1015.99104514419,1009.40388628522,21625.6275799762
92,"Tetraselmis tetrahele_5_ESAW_Bernhardt, J.R., Sunday, J.M. and O’Connor, M.I., 2018. Metabolic theory and the temperature-size rule explain the temperature dependence of population carrying capacity. The American naturalist, 192(6), pp.687-697._4",Tetraselmis tetrahele,5,ESAW,4,N,11,13.6044450609591,1013.03031704197,117.01914844961,26877.1884434779
93,"Tetraselmis tetrahele_5_ESAW_Bernhardt, J.R., Sunday, J.M. and O’Connor, M.I., 2018. Metabolic theory and the temperature-size rule explain the temperature dependence of population carrying capacity. The American naturalist, 192(6), pp.687-697._5",Tetraselmis tetrahele,5,ESAW,5,N,10,-22.9028681472923,972.709037630857,-668.283935900778,20215.0786919774
94,"Tetraselmis tetrahele_8_ESAW_Bernhardt, J.R., Sunday, J.M. and O’Connor, M.I., 2018. Metabolic theory and the temperature-size rule explain the temperature dependence of population carrying capacity. The American naturalist, 192(6), pp.687-697._1",Tetraselmis tetrahele,8,ESAW,1,N,11,8.10796462920274,1014.69397363465,379.573588451414,20106.6214661967
95,"Tetraselmis tetrahele_8_ESAW_Bernhardt, J.R., Sunday, J.M. and O’Connor, M.I., 2018. Metabolic theory and the temperature-size rule explain the temperature dependence of population carrying capacity. The American naturalist, 192(6), pp.687-697._2",Tetraselmis tetrahele,8,ESAW,2,N,10,41.4128184048026,1045.97331232488,1171.2945735114,23933.2728939867
96,"Tetraselmis tetrahele_8_ESAW_Bernhardt, J.R., Sunday, J.M. and O’Connor, M.I., 2018. Metabolic theory and the temperature-size rule explain the temperature dependence of population carrying capacity. The American naturalist, 192(6), pp.687-697._3",Tetraselmis tetrahele,8,ESAW,3,N,11,11.5479750106606,1012.47900643743,583.257729197925,23971.0859128632
97,"Tetraselmis tetrahele_8_ESAW_Bernhardt, J.R., Sunday, J.M. and O’Connor, M.I., 2018. Metabolic theory and the temperature-size rule explain the temperature dependence of population carrying capacity. The American naturalist, 192(6), pp.687-697._4",Tetraselmis tetrahele,8,ESAW,4,N,11,13.1027252457075,1011.52515759622,247.620090941506,21030.2959487668
98,"Tetraselmis tetrahele_8_ESAW_Bernhardt, J.R., Sunday, J.M. and O’Connor, M.I., 2018. Metabolic theory and the temperature-size rule explain the temperature dependence of population carrying capacity. The American naturalist, 192(6), pp.687-697._5",Tetraselmis tetrahele,8,ESAW,5,N,11,12.1488764044964,1010.571308755,181.643342186246,21756.0401850715
99,"Tetraselmis tetrahele_16_ESAW_Bernhardt, J.R., Sunday, J.M. and O’Connor, M.I., 2018. Metabolic theory and the temperature-size rule explain the temperature dependence of population carrying capacity. The American naturalist, 192(6), pp.687-697._1",Tetraselmis tetrahele,16,ESAW,1,N,12,13.9169095221953,950.642210652783,1183.86816923108,20823.026744974
100,"Tetraselmis tetrahele_16_ESAW_Bernhardt, J.R., Sunday, J.M. and O’Connor, M.I., 2018. Metabolic theory and the temperature-size rule explain the temperature dependence of population carrying capacity. The American naturalist, 192(6), pp.687-697._2",Tetraselmis tetrahele,16,ESAW,2,N,12,14.9784423382995,950.8818724369,742.231579387357,20409.3005112775
101,"Tetraselmis tetrahele_16_ESAW_Bernhardt, J.R., Sunday, J.M. and O’Connor, M.I., 2018. Metabolic theory and the temperature-size rule explain the temperature dependence of population carrying capacity. The American naturalist, 192(6), pp.687-697._3",Tetraselmis tetrahele,16,ESAW,3,N,13,11.8784383022696,1014.24465708665,1250.77165365372,20578.798221732
102,"Tetraselmis tetrahele_16_ESAW_Bernhardt, J.R., Sunday, J.M. and O’Connor, M.I., 2018. Metabolic theory and the temperature-size rule explain the temperature dependence of population carrying capacity. The American naturalist, 192(6), pp.687-697._4",Tetraselmis tetrahele,16,ESAW,4,N,13,28.6492947645229,1036.09454972117,773.68482476144,21928.3031718792
103,"Tetraselmis tetrahele_16_ESAW_Bernhardt, J.R., Sunday, J.M. and O’Connor, M.I., 2018. Metabolic theory and the temperature-size rule explain the temperature dependence of population carrying capacity. The American naturalist, 192(6), pp.687-697._5",Tetraselmis tetrahele,16,ESAW,5,N,13,16.1797752808986,1014.34067949188,1134.7517730495,19420.488106011
104,"Tetraselmis tetrahele_25_ESAW_Bernhardt, J.R., Sunday, J.M. and O’Connor, M.I., 2018. Metabolic theory and the temperature-size rule explain the temperature dependence of population carrying capacity. The American naturalist, 192(6), pp.687-697._1",Tetraselmis tetrahele,25,ESAW,1,N,13,16.1797752808988,1014.83311871869,1267.60563380283,14565.0226646591
105,"Tetraselmis tetrahele_25_ESAW_Bernhardt, J.R., Sunday, J.M. and O’Connor, M.I., 2018. Metabolic theory and the temperature-size rule explain the temperature dependence of population carrying capacity. The American naturalist, 192(6), pp.687-697._2",Tetraselmis tetrahele,25,ESAW,2,N,13,10.7865168539327,1019.32584269663,1134.75177304968,13861.7494791338
106,"Tetraselmis tetrahele_25_ESAW_Bernhardt, J.R., Sunday, J.M. and O’Connor, M.I., 2018. Metabolic theory and the temperature-size rule explain the temperature dependence of population carrying capacity. The American naturalist, 192(6), pp.687-697._3",Tetraselmis tetrahele,25,ESAW,3,N,13,16.1797752808986,1014.80745507285,1267.60563380283,14074.2314692037
107,"Tetraselmis tetrahele_25_ESAW_Bernhardt, J.R., Sunday, J.M. and O’Connor, M.I., 2018. Metabolic theory and the temperature-size rule explain the temperature dependence of population carrying capacity. The American naturalist, 192(6), pp.687-697._4",Tetraselmis tetrahele,25,ESAW,4,N,15,16.1797752808986,1014.29266828927,610.407203761279,14036.9875890781
108,"Tetraselmis tetrahele_25_ESAW_Bernhardt, J.R., Sunday, J.M. and O’Connor, M.I., 2018. Metabolic theory and the temperature-size rule explain the temperature dependence of population carrying capacity. The American naturalist, 192(6), pp.687-697._5",Tetraselmis tetrahele,25,ESAW,5,N,12,10.7865168539327,1013.93258426966,1267.6056338028,15310.4233710871
109,"Tetraselmis tetrahele_32_ESAW_Bernhardt, J.R., Sunday, J.M. and O’Connor, M.I., 2018. Metabolic theory and the temperature-size rule explain the temperature dependence of population carrying capacity. The American naturalist, 192(6), pp.687-697._1",Tetraselmis tetrahele,32,ESAW,1,N,11,12.1581320824687,849.929471845639,87.8020886117301,5042.72057387282
110,"Tetraselmis tetrahele_32_ESAW_Bernhardt, J.R., Sunday, J.M. and O’Connor, M.I., 2018. Metabolic theory and the temperature-size rule explain the temperature dependence of population carrying capacity. The American naturalist, 192(6), pp.687-697._2",Tetraselmis tetrahele,32,ESAW,2,N,11,10.7322589765339,849.013288097258,113.851373393409,5631.67999342727
111,"Tetraselmis tetrahele_32_ESAW_Bernhardt, J.R., Sunday, J.M. and O’Connor, M.I., 2018. Metabolic theory and the temperature-size rule explain the temperature dependence of population carrying capacity. The American naturalist, 192(6), pp.687-697._3",Tetraselmis tetrahele,32,ESAW,3,N,11,11.4786004882021,849.365663140765,113.344182262081,6761.67615947936
112,"Tetraselmis tetrahele_32_ESAW_Bernhardt, J.R., Sunday, J.M. and O’Connor, M.I., 2018. Metabolic theory and the temperature-size rule explain the temperature dependence of population carrying capacity. The American naturalist, 192(6), pp.687-697._4",Tetraselmis tetrahele,32,ESAW,4,N,12,12.050474226804,1014.70784094256,175.767354043084,5012.71878048321
113,"Tetraselmis tetrahele_32_ESAW_Bernhardt, J.R., Sunday, J.M. and O’Connor, M.I., 2018. Metabolic theory and the temperature-size rule explain the temperature dependence of population carrying capacity. The American naturalist, 192(6), pp.687-697._5",Tetraselmis tetrahele,32,ESAW,5,N,12,12.6593406593393,1014.85714285714,285.958485958225,6694.62759462729
114,"Staphylococcus spp._2_Raw Chicken Breast_Galarz, L.A., Fonseca, G.G. and Prentice, C., 2016. Predicting bacterial growth in raw, salted, and cooked chicken breast fillets during storage. Food Science and Technology International, 22(6), pp.461-474._1",Staphylococcus spp.,2,Raw Chicken Breast,1,CFU,9,98.9247311827957,566.666666666667,1.04734832520669,823.182803575906
115,"Staphylococcus spp._4_Raw Chicken Breast_Galarz, L.A., Fonseca, G.G. and Prentice, C., 2016. Predicting bacterial growth in raw, salted, and cooked chicken breast fillets during storage. Food Science and Technology International, 22(6), pp.461-474._1",Staphylococcus spp.,4,Raw Chicken Breast,1,CFU,8,74.1935483870968,590.860215053763,1.05933294181021,301.020026030504
116,"Staphylococcus spp._7_Raw Chicken Breast_Galarz, L.A., Fonseca, G.G. and Prentice, C., 2016. Predicting bacterial growth in raw, salted, and cooked chicken breast fillets during storage. Food Science and Technology International, 22(6), pp.461-474._1",Staphylococcus spp.,7,Raw Chicken Breast,1,CFU,14,1.07526881720429,324.731182795699,1.02943205969681,1491.55860258709
117,"Staphylococcus spp._10_Raw Chicken Breast_Galarz, L.A., Fonseca, G.G. and Prentice, C., 2016. Predicting bacterial growth in raw, salted, and cooked chicken breast fillets during storage. Food Science and Technology International, 22(6), pp.461-474._1",Staphylococcus spp.,10,Raw Chicken Breast,1,CFU,11,13.9784946236559,198.387096774194,1.04473257151008,1666.08119392629
118,"Staphylococcus spp._15_Raw Chicken Breast_Galarz, L.A., Fonseca, G.G. and Prentice, C., 2016. Predicting bacterial growth in raw, salted, and cooked chicken breast fillets during storage. Food Science and Technology International, 22(6), pp.461-474._1",Staphylococcus spp.,15,Raw Chicken Breast,1,CFU,9,26.3440860215053,118.817204301075,4.31453906649959,1153.88261516185
119,"Staphylococcus spp._20_Raw Chicken Breast_Galarz, L.A., Fonseca, G.G. and Prentice, C., 2016. Predicting bacterial growth in raw, salted, and cooked chicken breast fillets during storage. Food Science and Technology International, 22(6), pp.461-474._1",Staphylococcus spp.,20,Raw Chicken Breast,1,CFU,9,6.98924731182797,55.9139784946236,3.1670108612222,922.379495488011
120,"Staphylococcus spp._2_Salted Chicken Breast_Galarz, L.A., Fonseca, G.G. and Prentice, C., 2016. Predicting bacterial growth in raw, salted, and cooked chicken breast fillets during storage. Food Science and Technology International, 22(6), pp.461-474._1",Staphylococcus spp.,2,Salted Chicken Breast,1,CFU,10,50.3335804299481,581.467753891772,0.99531616783365,663.582098863891
121,"Staphylococcus spp._4_Salted Chicken Breast_Galarz, L.A., Fonseca, G.G. and Prentice, C., 2016. Predicting bacterial growth in raw, salted, and cooked chicken breast fillets during storage. Food Science and Technology International, 22(6), pp.461-474._1",Staphylococcus spp.,4,Salted Chicken Breast,1,CFU,6,151.442426488757,530.643068939956,3.29527051398486,461.186638540752
122,"Staphylococcus spp._7_Salted Chicken Breast_Galarz, L.A., Fonseca, G.G. and Prentice, C., 2016. Predicting bacterial growth in raw, salted, and cooked chicken breast fillets during storage. Food Science and Technology International, 22(6), pp.461-474._1",Staphylococcus spp.,7,Salted Chicken Breast,1,CFU,14,-0.0972942920682129,335.181924882629,1.01895678358003,1600.28060711964
123,"Staphylococcus spp._10_Salted Chicken Breast_Galarz, L.A., Fonseca, G.G. and Prentice, C., 2016. Predicting bacterial growth in raw, salted, and cooked chicken breast fillets during storage. Food Science and Technology International, 22(6), pp.461-474._1",Staphylococcus spp.,10,Salted Chicken Breast,1,CFU,13,12.5123548307388,206.429145045713,1.01895678358003,1953.66971619438
124,"Staphylococcus spp._15_Salted Chicken Breast_Galarz, L.A., Fonseca, G.G. and Prentice, C., 2016. Predicting bacterial growth in raw, salted, and cooked chicken breast fillets during storage. Food Science and Technology International, 22(6), pp.461-474._1",Staphylococcus spp.,15,Salted Chicken Breast,1,CFU,12,8.71324437855202,125.02625401532,2.48630611748292,2222.91076165443
125,"Staphylococcus spp._20_Salted Chicken Breast_Galarz, L.A., Fonseca, G.G. and Prentice, C., 2016. Predicting bacterial growth in raw, salted, and cooked chicken breast fillets during storage. Food Science and Technology International, 22(6), pp.461-474._1",Staphylococcus spp.,20,Salted Chicken Breast,1,CFU,9,6.9526809982703,61.5147022485792,2.08494355728446,2529.25671791876
126,"Staphylococcus spp._2_Cooked Chicken Breast_Galarz, L.A., Fonseca, G.G. and Prentice, C., 2016. Predicting bacterial growth in raw, salted, and cooked chicken breast fillets during storage. Food Science and Technology International, 22(6), pp.461-474._1",Staphylococcus spp.,2,Cooked Chicken Breast,1,CFU,10,50.3384820747521,653.750317823544,1.01459828276328,26.4528080952361
127,"Staphylococcus spp._4_Cooked Chicken Breast_Galarz, L.A., Fonseca, G.G. and Prentice, C., 2016. Predicting bacterial growth in raw, salted, and cooked chicken breast fillets during storage. Food Science and Technology International, 22(6), pp.461-474._1",Staphylococcus spp.,4,Cooked Chicken Breast,1,CFU,7,150.484680905161,605.464975845411,1.76835247702619,296.136724874978
128,"Staphylococcus spp._7_Cooked Chicken Breast_Galarz, L.A., Fonseca, G.G. and Prentice, C., 2016. Predicting bacterial growth in raw, salted, and cooked chicken breast fillets during storage. Food Science and Technology International, 22(6), pp.461-474._1",Staphylococcus spp.,7,Cooked Chicken Breast,1,CFU,14,-0.648360030511071,381.081553521485,0.99038468982484,435.848491322112
129,"Staphylococcus spp._10_Cooked Chicken Breast_Galarz, L.A., Fonseca, G.G. and Prentice, C., 2016. Predicting bacterial growth in raw, salted, and cooked chicken breast fillets during storage. Food Science and Technology International, 22(6), pp.461-474._1",Staphylococcus spp.,10,Cooked Chicken Breast,1,CFU,12,26.9228324434274,205.801868802441,1.01459828276328,554.929223123185
130,"Staphylococcus spp._15_Cooked Chicken Breast_Galarz, L.A., Fonseca, G.G. and Prentice, C., 2016. Predicting bacterial growth in raw, salted, and cooked chicken breast fillets during storage. Food Science and Technology International, 22(6), pp.461-474._1",Staphylococcus spp.,15,Cooked Chicken Breast,1,CFU,11,21.4562674802949,124.868103229087,1.32338551430056,1747.92312231483
131,"Staphylococcus spp._20_Cooked Chicken Breast_Galarz, L.A., Fonseca, G.G. and Prentice, C., 2016. Predicting bacterial growth in raw, salted, and cooked chicken breast fillets during storage. Food Science and Technology International, 22(6), pp.461-474._1",Staphylococcus spp.,20,Cooked Chicken Breast,1,CFU,9,7.18599033816425,61.4225781845919,1.29180265171514,2198.76732151571
132,"Pseudomonas spp._2_Raw Chicken Breast_Galarz, L.A., Fonseca, G.G. and Prentice, C., 2016. Predicting bacterial growth in raw, salted, and cooked chicken breast fillets during storage. Food Science and Technology International, 22(6), pp.461-474._1",Pseudomonas spp.,2,Raw Chicken Breast,1,CFU,11,47.4073322103912,633.521075217069,1.020528612233,516.029378475618
133,"Pseudomonas spp._4_Raw Chicken Breast_Galarz, L.A., Fonseca, G.G. and Prentice, C., 2016. Predicting bacterial growth in raw, salted, and cooked chicken breast fillets during storage. Food Science and Technology International, 22(6), pp.461-474._1",Pseudomonas spp.,4,Raw Chicken Breast,1,CFU,7,71.5330415689106,514.960446369488,1.37477339920939,1394.77386539106
134,"Pseudomonas spp._7_Raw Chicken Breast_Galarz, L.A., Fonseca, G.G. and Prentice, C., 2016. Predicting bacterial growth in raw, salted, and cooked chicken breast fillets during storage. Food Science and Technology International, 22(6), pp.461-474._1",Pseudomonas spp.,7,Raw Chicken Breast,1,CFU,11,-0.891084641761381,324.64933124787,0.972455776677133,656.209980383781
135,"Pseudomonas spp._10_Raw Chicken Breast_Galarz, L.A., Fonseca, G.G. and Prentice, C., 2016. Predicting bacterial growth in raw, salted, and cooked chicken breast fillets during storage. Food Science and Technology International, 22(6), pp.461-474._1",Pseudomonas spp.,10,Raw Chicken Breast,1,CFU,13,9.63649762377432,204.177444905653,0.976118947488415,1917.28413795579
136,"Pseudomonas spp._15_Raw Chicken Breast_Galarz, L.A., Fonseca, G.G. and Prentice, C., 2016. Predicting bacterial growth in raw, salted, and cooked chicken breast fillets during storage. Food Science and Technology International, 22(6), pp.461-474._1",Pseudomonas spp.,15,Raw Chicken Breast,1,CFU,12,7.4432513184544,127.460822354569,1.3026461843735,5349.67399309702
137,"Pseudomonas spp._20_Raw Chicken Breast_Galarz, L.A., Fonseca, G.G. and Prentice, C., 2016. Predicting bacterial growth in raw, salted, and cooked chicken breast fillets during storage. Food Science and Technology International, 22(6), pp.461-474._1",Pseudomonas spp.,20,Raw Chicken Breast,1,CFU,9,5.8923128596924,65.7836030399647,1.98881224454984,4390.00398487021
138,"Pseudomonas spp._2_Salted Chicken Breast_Galarz, L.A., Fonseca, G.G. and Prentice, C., 2016. Predicting bacterial growth in raw, salted, and cooked chicken breast fillets during storage. Food Science and Technology International, 22(6), pp.461-474._1",Pseudomonas spp.,2,Salted Chicken Breast,1,CFU,11,24.7434099546776,646.739274028006,1.17398845300731,384.023683071786
139,"Pseudomonas spp._4_Salted Chicken Breast_Galarz, L.A., Fonseca, G.G. and Prentice, C., 2016. Predicting bacterial growth in raw, salted, and cooked chicken breast fillets during storage. Food Science and Technology International, 22(6), pp.461-474._1",Pseudomonas spp.,4,Salted Chicken Breast,1,CFU,7,73.3621425522834,522.324858240351,1.03381421721742,167.222803104002
140,"Pseudomonas spp._7_Salted Chicken Breast_Galarz, L.A., Fonseca, G.G. and Prentice, C., 2016. Predicting bacterial growth in raw, salted, and cooked chicken breast fillets during storage. Food Science and Technology International, 22(6), pp.461-474._1",Pseudomonas spp.,7,Salted Chicken Breast,1,CFU,12,-1.04261935247851,329.253551612707,1.03381421721742,233.1956811284
141,"Pseudomonas spp._10_Salted Chicken Breast_Galarz, L.A., Fonseca, G.G. and Prentice, C., 2016. Predicting bacterial growth in raw, salted, and cooked chicken breast fillets during storage. Food Science and Technology International, 22(6), pp.461-474._1",Pseudomonas spp.,10,Salted Chicken Breast,1,CFU,13,10.2371806597159,202.565392354125,1.04397547075625,535.529022843063
142,"Pseudomonas spp._15_Salted Chicken Breast_Galarz, L.A., Fonseca, G.G. and Prentice, C., 2016. Predicting bacterial growth in raw, salted, and cooked chicken breast fillets during storage. Food Science and Technology International, 22(6), pp.461-474._1",Pseudomonas spp.,15,Salted Chicken Breast,1,CFU,12,5.85482592524845,122.971668394204,1.26953938677518,1082.98937710397
143,"Pseudomonas spp._20_Salted Chicken Breast_Galarz, L.A., Fonseca, G.G. and Prentice, C., 2016. Predicting bacterial growth in raw, salted, and cooked chicken breast fillets during storage. Food Science and Technology International, 22(6), pp.461-474._1",Pseudomonas spp.,20,Salted Chicken Breast,1,CFU,8,12.2695770583095,59.5481982805927,1.48460489042185,690.598550079975
144,"Pseudomonas spp._2_Cooked Chicken Breast_Galarz, L.A., Fonseca, G.G. and Prentice, C., 2016. Predicting bacterial growth in raw, salted, and cooked chicken breast fillets during storage. Food Science and Technology International, 22(6), pp.461-474._1",Pseudomonas spp.,2,Cooked Chicken Breast,1,CFU,10,48.2323232323232,629.491341991342,1.20997329679213,2567.92818956716
145,"Pseudomonas spp._4_Cooked Chicken Breast_Galarz, L.A., Fonseca, G.G. and Prentice, C., 2016. Predicting bacterial growth in raw, salted, and cooked chicken breast fillets during storage. Food Science and Technology International, 22(6), pp.461-474._1",Pseudomonas spp.,4,Cooked Chicken Breast,1,CFU,6,217.784992784993,580.790043290043,19.8805842522665,1268.67267576939
146,"Pseudomonas spp._7_Cooked Chicken Breast_Galarz, L.A., Fonseca, G.G. and Prentice, C., 2016. Predicting bacterial growth in raw, salted, and cooked chicken breast fillets during storage. Food Science and Technology International, 22(6), pp.461-474._1",Pseudomonas spp.,7,Cooked Chicken Breast,1,CFU,13,0.432900432900453,318.344155844156,0.956528739103029,910.988172809688
147,"Pseudomonas spp._10_Cooked Chicken Breast_Galarz, L.A., Fonseca, G.G. and Prentice, C., 2016. Predicting bacterial growth in raw, salted, and cooked chicken breast fillets during storage. Food Science and Technology International, 22(6), pp.461-474._1",Pseudomonas spp.,10,Cooked Chicken Breast,1,CFU,11,36.0569985569986,194.336219336219,0.998292058485558,3500.57934416505
148,"Pseudomonas spp._15_Cooked Chicken Breast_Galarz, L.A., Fonseca, G.G. and Prentice, C., 2016. Predicting bacterial growth in raw, salted, and cooked chicken breast fillets during storage. Food Science and Technology International, 22(6), pp.461-474._1",Pseudomonas spp.,15,Cooked Chicken Breast,1,CFU,12,6.74603174603175,115.422077922078,1.08736863769518,6166.72435317242
149,"Pseudomonas spp._20_Cooked Chicken Breast_Galarz, L.A., Fonseca, G.G. and Prentice, C., 2016. Predicting bacterial growth in raw, salted, and cooked chicken breast fillets during storage. Food Science and Technology International, 22(6), pp.461-474._1",Pseudomonas spp.,20,Cooked Chicken Breast,1,CFU,9,6.74603174603175,54.5454545454543,1.2628023432938,2797.0617951471
150,"Aerobic Psychotropic._2_Raw Chicken Breast_Galarz, L.A., Fonseca, G.G. and Prentice, C., 2016. Predicting bacterial growth in raw, salted, and cooked chicken breast fillets during storage. Food Science and Technology International, 22(6), pp.461-474._1",Aerobic Psychotropic.,2,Raw Chicken Breast,1,CFU,10,72.3300970873786,550.970873786408,1.07591421390518,610.71728678749
151,"Aerobic Psychotropic._4_Raw Chicken Breast_Galarz, L.A., Fonseca, G.G. and Prentice, C., 2016. Predicting bacterial growth in raw, salted, and cooked chicken breast fillets during storage. Food Science and Technology International, 22(6), pp.461-474._1",Aerobic Psychotropic.,4,Raw Chicken Breast,1,CFU,6,144.174757281553,502.912621359223,5.51414755975255,1399.5449667538
152,"Aerobic Psychotropic._7_Raw Chicken Breast_Galarz, L.A., Fonseca, G.G. and Prentice, C., 2016. Predicting bacterial growth in raw, salted, and cooked chicken breast fillets during storage. Food Science and Technology International, 22(6), pp.461-474._1",Aerobic Psychotropic.,7,Raw Chicken Breast,1,CFU,13,0.970873786407779,315.533980582524,1.02469011894639,2513.08985427153
153,"Aerobic Psychotropic._10_Raw Chicken Breast_Galarz, L.A., Fonseca, G.G. and Prentice, C., 2016. Predicting bacterial growth in raw, salted, and cooked chicken breast fillets during storage. Food Science and Technology International, 22(6), pp.461-474._1",Aerobic Psychotropic.,10,Raw Chicken Breast,1,CFU,12,24.2718446601942,192.718446601942,1.04998983986637,467.005700118048
154,"Aerobic Psychotropic._15_Raw Chicken Breast_Galarz, L.A., Fonseca, G.G. and Prentice, C., 2016. Predicting bacterial growth in raw, salted, and cooked chicken breast fillets during storage. Food Science and Technology International, 22(6), pp.461-474._1",Aerobic Psychotropic.,15,Raw Chicken Breast,1,CFU,10,10.6796116504854,102.427184466019,1.1575913956832,1487.53854364841
155,"Aerobic Psychotropic._20_Raw Chicken Breast_Galarz, L.A., Fonseca, G.G. and Prentice, C., 2016. Predicting bacterial growth in raw, salted, and cooked chicken breast fillets during storage. Food Science and Technology International, 22(6), pp.461-474._1",Aerobic Psychotropic.,20,Raw Chicken Breast,1,CFU,8,12.621359223301,48.0582524271845,1.71015731926605,540.601780191663
156,"Aerobic Psychotropic._2_Salted Chicken Breast_Galarz, L.A., Fonseca, G.G. and Prentice, C., 2016. Predicting bacterial growth in raw, salted, and cooked chicken breast fillets during storage. Food Science and Technology International, 22(6), pp.461-474._1",Aerobic Psychotropic.,2,Salted Chicken Breast,1,CFU,10,49.0991357811053,576.367413484801,1.11529752491156,396.053646514854
157,"Aerobic Psychotropic._4_Salted Chicken Breast_Galarz, L.A., Fonseca, G.G. and Prentice, C., 2016. Predicting bacterial growth in raw, salted, and cooked chicken breast fillets during storage. Food Science and Technology International, 22(6), pp.461-474._1",Aerobic Psychotropic.,4,Salted Chicken Breast,1,CFU,6,149.791664545988,526.830484837997,3.19662289746867,498.941791686821
158,"Aerobic Psychotropic._7_Salted Chicken Breast_Galarz, L.A., Fonseca, G.G. and Prentice, C., 2016. Predicting bacterial growth in raw, salted, and cooked chicken breast fillets during storage. Food Science and Technology International, 22(6), pp.461-474._1",Aerobic Psychotropic.,7,Salted Chicken Breast,1,CFU,15,-0.772690411479459,333.734141566316,1.00013997457529,1025.93165075642
159,"Aerobic Psychotropic._10_Salted Chicken Breast_Galarz, L.A., Fonseca, G.G. and Prentice, C., 2016. Predicting bacterial growth in raw, salted, and cooked chicken breast fillets during storage. Food Science and Technology International, 22(6), pp.461-474._1",Aerobic Psychotropic.,10,Salted Chicken Breast,1,CFU,12,13.2930065113312,206.138176623676,0.996239913640834,680.025384910909
160,"Aerobic Psychotropic._15_Salted Chicken Breast_Galarz, L.A., Fonseca, G.G. and Prentice, C., 2016. Predicting bacterial growth in raw, salted, and cooked chicken breast fillets during storage. Food Science and Technology International, 22(6), pp.461-474._1",Aerobic Psychotropic.,15,Salted Chicken Breast,1,CFU,9,16.8931551284792,111.39007929641,1.1248314329944,343.942358872367
161,"Aerobic Psychotropic._20_Salted Chicken Breast_Galarz, L.A., Fonseca, G.G. and Prentice, C., 2016. Predicting bacterial growth in raw, salted, and cooked chicken breast fillets during storage. Food Science and Technology International, 22(6), pp.461-474._1",Aerobic Psychotropic.,20,Salted Chicken Breast,1,CFU,6,22.5026890203144,54.3319099339367,2.78844646298452,269.986258820235
162,"Aerobic Psychotropic._2_Cooked Chicken Breast_Galarz, L.A., Fonseca, G.G. and Prentice, C., 2016. Predicting bacterial growth in raw, salted, and cooked chicken breast fillets during storage. Food Science and Technology International, 22(6), pp.461-474._1",Aerobic Psychotropic.,2,Cooked Chicken Breast,1,CFU,9,50.1333829085253,597.637143785152,1.02918858084708,2265.42087723526
163,"Aerobic Psychotropic._4_Cooked Chicken Breast_Galarz, L.A., Fonseca, G.G. and Prentice, C., 2016. Predicting bacterial growth in raw, salted, and cooked chicken breast fillets during storage. Food Science and Technology International, 22(6), pp.461-474._1",Aerobic Psychotropic.,4,Cooked Chicken Breast,1,CFU,7,75.7657657657658,546.766073473854,1.15984384787522,2583.71091070578
164,"Aerobic Psychotropic._7_Cooked Chicken Breast_Galarz, L.A., Fonseca, G.G. and Prentice, C., 2016. Predicting bacterial growth in raw, salted, and cooked chicken breast fillets during storage. Food Science and Technology International, 22(6), pp.461-474._1",Aerobic Psychotropic.,7,Cooked Chicken Breast,1,CFU,14,-1.39853325811578,344.533181188779,1.00487963784124,1355.06232933357
165,"Aerobic Psychotropic._10_Cooked Chicken Breast_Galarz, L.A., Fonseca, G.G. and Prentice, C., 2016. Predicting bacterial growth in raw, salted, and cooked chicken breast fillets during storage. Food Science and Technology International, 22(6), pp.461-474._1",Aerobic Psychotropic.,10,Cooked Chicken Breast,1,CFU,12,13.2244388601125,213.390430278476,1.05408557906649,1119.21099828323
166,"Aerobic Psychotropic._15_Cooked Chicken Breast_Galarz, L.A., Fonseca, G.G. and Prentice, C., 2016. Predicting bacterial growth in raw, salted, and cooked chicken breast fillets during storage. Food Science and Technology International, 22(6), pp.461-474._1",Aerobic Psychotropic.,15,Cooked Chicken Breast,1,CFU,9,20.873378121955,116.822572097714,1.43822799801308,1323.05640394134
167,"Aerobic Psychotropic._20_Cooked Chicken Breast_Galarz, L.A., Fonseca, G.G. and Prentice, C., 2016. Predicting bacterial growth in raw, salted, and cooked chicken breast fillets during storage. Food Science and Technology International, 22(6), pp.461-474._1",Aerobic Psychotropic.,20,Cooked Chicken Breast,1,CFU,9,8.35948852077888,56.7559020120691,1.40425773922502,467.74445743382
168,"Aerobic Mesophilic._2_Raw Chicken Breast_Galarz, L.A., Fonseca, G.G. and Prentice, C., 2016. Predicting bacterial growth in raw, salted, and cooked chicken breast fillets during storage. Food Science and Technology International, 22(6), pp.461-474._1",Aerobic Mesophilic.,2,Raw Chicken Breast,1,CFU,10,48.1481481481482,547.736625514403,1.02105186214511,371.172408153638
169,"Aerobic Mesophilic._7_Raw Chicken Breast_Galarz, L.A., Fonseca, G.G. and Prentice, C., 2016. Predicting bacterial growth in raw, salted, and cooked chicken breast fillets during storage. Food Science and Technology International, 22(6), pp.461-474._1",Aerobic Mesophilic.,7,Raw Chicken Breast,1,CFU,14,0.823045267489732,314.074074074074,0.97938218133124,2871.2420925789
170,"Aerobic Mesophilic._4_Raw Chicken Breast_Galarz, L.A., Fonseca, G.G. and Prentice, C., 2016. Predicting bacterial growth in raw, salted, and cooked chicken breast fillets during storage. Food Science and Technology International, 22(6), pp.461-474._1",Aerobic Mesophilic.,4,Raw Chicken Breast,1,CFU,7,71.604938271605,500.246913580247,1.25232271619186,474.613125718313
171,"Aerobic Mesophilic._10_Raw Chicken Breast_Galarz, L.A., Fonseca, G.G. and Prentice, C., 2016. Predicting bacterial growth in raw, salted, and cooked chicken breast fillets during storage. Food Science and Technology International, 22(6), pp.461-474._1",Aerobic Mesophilic.,10,Raw Chicken Breast,1,CFU,10,23.8683127572017,165.432098765432,0.97938218133124,819.204160766764
172,"Aerobic Mesophilic._15_Raw Chicken Breast_Galarz, L.A., Fonseca, G.G. and Prentice, C., 2016. Predicting bacterial growth in raw, salted, and cooked chicken breast fillets during storage. Food Science and Technology International, 22(6), pp.461-474._1",Aerobic Mesophilic.,15,Raw Chicken Breast,1,CFU,9,20.5761316872428,101.646090534979,1.54883029863413,1364.78201650726
173,"Aerobic Mesophilic._20_Raw Chicken Breast_Galarz, L.A., Fonseca, G.G. and Prentice, C., 2016. Predicting bacterial growth in raw, salted, and cooked chicken breast fillets during storage. Food Science and Technology International, 22(6), pp.461-474._1",Aerobic Mesophilic.,20,Raw Chicken Breast,1,CFU,8,11.522633744856,47.3251028806584,1.39561242508609,457.14471326891
174,"Aerobic Mesophilic._2_Salted Chicken Breast_Galarz, L.A., Fonseca, G.G. and Prentice, C., 2016. Predicting bacterial growth in raw, salted, and cooked chicken breast fillets during storage. Food Science and Technology International, 22(6), pp.461-474._1",Aerobic Mesophilic.,2,Salted Chicken Breast,1,CFU,10,48.433048433048,555.286093217122,1.23853428000463,397.716615717569
175,"Aerobic Mesophilic._4_Salted Chicken Breast_Galarz, L.A., Fonseca, G.G. and Prentice, C., 2016. Predicting bacterial growth in raw, salted, and cooked chicken breast fillets during storage. Food Science and Technology International, 22(6), pp.461-474._1",Aerobic Mesophilic.,4,Salted Chicken Breast,1,CFU,7,72.3443223443217,506.869886180226,1.68437311276258,905.483620518577
176,"Aerobic Mesophilic._7_Salted Chicken Breast_Galarz, L.A., Fonseca, G.G. and Prentice, C., 2016. Predicting bacterial growth in raw, salted, and cooked chicken breast fillets during storage. Food Science and Technology International, 22(6), pp.461-474._1",Aerobic Mesophilic.,7,Salted Chicken Breast,1,CFU,14,-0.626289419392833,317.641011606526,0.968511038854329,2089.80500252367
177,"Aerobic Mesophilic._10_Salted Chicken Breast_Galarz, L.A., Fonseca, G.G. and Prentice, C., 2016. Predicting bacterial growth in raw, salted, and cooked chicken breast fillets during storage. Food Science and Technology International, 22(6), pp.461-474._1",Aerobic Mesophilic.,10,Salted Chicken Breast,1,CFU,12,24.5217745217743,193.962008617179,1.00434096937539,428.555537731446
178,"Aerobic Mesophilic._15_Salted Chicken Breast_Galarz, L.A., Fonseca, G.G. and Prentice, C., 2016. Predicting bacterial growth in raw, salted, and cooked chicken breast fillets during storage. Food Science and Technology International, 22(6), pp.461-474._1",Aerobic Mesophilic.,15,Salted Chicken Breast,1,CFU,8,21.2236677753917,102.439546405063,1.41962647278287,534.009494622619
179,"Aerobic Mesophilic._20_Salted Chicken Breast_Galarz, L.A., Fonseca, G.G. and Prentice, C., 2016. Predicting bacterial growth in raw, salted, and cooked chicken breast fillets during storage. Food Science and Technology International, 22(6), pp.461-474._1",Aerobic Mesophilic.,20,Salted Chicken Breast,1,CFU,8,3.08408067028759,47.1962584031545,1.31604750701147,425.239720821317
180,"Aerobic Mesophilic._2_Cooked Chicken Breast_Galarz, L.A., Fonseca, G.G. and Prentice, C., 2016. Predicting bacterial growth in raw, salted, and cooked chicken breast fillets during storage. Food Science and Technology International, 22(6), pp.461-474._1",Aerobic Mesophilic.,2,Cooked Chicken Breast,1,CFU,9,47.8046146234928,547.652935678173,1.29504408649357,771.611603558079
181,"Aerobic Mesophilic._4_Cooked Chicken Breast_Galarz, L.A., Fonseca, G.G. and Prentice, C., 2016. Predicting bacterial growth in raw, salted, and cooked chicken breast fillets during storage. Food Science and Technology International, 22(6), pp.461-474._1",Aerobic Mesophilic.,4,Cooked Chicken Breast,1,CFU,6,141.807983165255,501.557716638347,1.32368149647086,11799.7133026411
182,"Aerobic Mesophilic._7_Cooked Chicken Breast_Galarz, L.A., Fonseca, G.G. and Prentice, C., 2016. Predicting bacterial growth in raw, salted, and cooked chicken breast fillets during storage. Food Science and Technology International, 22(6), pp.461-474._1",Aerobic Mesophilic.,7,Cooked Chicken Breast,1,CFU,12,-0.349157715244729,316.106626690119,0.980711529345289,8259.2790789734
183,"Aerobic Mesophilic._10_Cooked Chicken Breast_Galarz, L.A., Fonseca, G.G. and Prentice, C., 2016. Predicting bacterial growth in raw, salted, and cooked chicken breast fillets during storage. Food Science and Technology International, 22(6), pp.461-474._1",Aerobic Mesophilic.,10,Cooked Chicken Breast,1,CFU,11,11.3471678467513,194.043773125129,0.97670498330193,3566.34452917529
184,"Aerobic Mesophilic._15_Cooked Chicken Breast_Galarz, L.A., Fonseca, G.G. and Prentice, C., 2016. Predicting bacterial growth in raw, salted, and cooked chicken breast fillets during storage. Food Science and Technology International, 22(6), pp.461-474._1",Aerobic Mesophilic.,15,Cooked Chicken Breast,1,CFU,9,11.6746649624872,104.958709482186,1.79602160785952,3917.99321322293
185,"Aerobic Mesophilic._20_Cooked Chicken Breast_Galarz, L.A., Fonseca, G.G. and Prentice, C., 2016. Predicting bacterial growth in raw, salted, and cooked chicken breast fillets during storage. Food Science and Technology International, 22(6), pp.461-474._1",Aerobic Mesophilic.,20,Cooked Chicken Breast,1,CFU,10,3.48723706908999,49.9684348524621,1.43813022532796,1457.57227202074
186,"Spoilage_8_Vacuum Beef Striploins_Gill, C.O. and DeLacy, K.M., 1991. Growth of Escherichia coli and Salmonella typhimurium on high-pH beef packed under vacuum or carbon dioxide. International journal of food microbiology, 13(1), pp.21-30._1",Spoilage,8,Vacuum Beef Striploins,1,N,7,0.0027753915284476,6.01044075860702,110.295736071707,16987.3351282432
187,"Escherichia coli_8_Vacuum Beef Striploins_Gill, C.O. and DeLacy, K.M., 1991. Growth of Escherichia coli and Salmonella typhimurium on high-pH beef packed under vacuum or carbon dioxide. International journal of food microbiology, 13(1), pp.21-30._1",Escherichia coli,8,Vacuum Beef Striploins,1,N,7,-0.007533205577217,6.01744531817881,32.5786846801933,547.367957001801
188,"Salmonella Typhimurium_8_Vacuum Beef Striploins_Gill, C.O. and DeLacy, K.M., 1991. Growth of Escherichia coli and Salmonella typhimurium on high-pH beef packed under vacuum or carbon dioxide. International journal of food microbiology, 13(1), pp.21-30._1",Salmonella Typhimurium,8,Vacuum Beef Striploins,1,N,7,0.0091191435934705,6.01652018766934,36.0352438682172,122.009267692657
189,"Spoilage_10_Vacuum Beef Striploins_Gill, C.O. and DeLacy, K.M., 1991. Growth of Escherichia coli and Salmonella typhimurium on high-pH beef packed under vacuum or carbon dioxide. International journal of food microbiology, 13(1), pp.21-30._1",Spoilage,10,Vacuum Beef Striploins,1,N,6,0.0031250315023339,5.01066038972167,135.896596015444,13657.2586938854
190,"Escherichia coli_10_Vacuum Beef Striploins_Gill, C.O. and DeLacy, K.M., 1991. Growth of Escherichia coli and Salmonella typhimurium on high-pH beef packed under vacuum or carbon dioxide. International journal of food microbiology, 13(1), pp.21-30._1",Escherichia coli,10,Vacuum Beef Striploins,1,N,6,0.0015373138842131,5.01950624502263,51.4457901258215,2790.34550717647
191,"Salmonella Typhimurium_10_Vacuum Beef Striploins_Gill, C.O. and DeLacy, K.M., 1991. Growth of Escherichia coli and Salmonella typhimurium on high-pH beef packed under vacuum or carbon dioxide. International journal of food microbiology, 13(1), pp.21-30._1",Salmonella Typhimurium,10,Vacuum Beef Striploins,1,N,6,0.0013356989485782,5.01625520418553,45.4758136612543,381.814130455437
192,"Spoilage_10_C02 Beef Striploins_Gill, C.O. and DeLacy, K.M., 1991. Growth of Escherichia coli and Salmonella typhimurium on high-pH beef packed under vacuum or carbon dioxide. International journal of food microbiology, 13(1), pp.21-30._1",Spoilage,10,C02 Beef Striploins,1,N,9,0.0141465533287821,12.0519947881119,246.314193295928,13869.4649142078
193,"Escherichia coli_10_C02 Beef Striploins_Gill, C.O. and DeLacy, K.M., 1991. Growth of Escherichia coli and Salmonella typhimurium on high-pH beef packed under vacuum or carbon dioxide. International journal of food microbiology, 13(1), pp.21-30._1",Escherichia coli,10,C02 Beef Striploins,1,N,9,0.0047155177762618,12.0342495501644,90.2156254457614,2095.56208041277
194,"Spoilage_12_Vacuum Beef Striploins_Gill, C.O. and DeLacy, K.M., 1991. Growth of Escherichia coli and Salmonella typhimurium on high-pH beef packed under vacuum or carbon dioxide. International journal of food microbiology, 13(1), pp.21-30._1",Spoilage,12,Vacuum Beef Striploins,1,N,7,0.0,4.98839907192575,82.7509311549241,15276.2405790605
195,"Escherichia coli_12_Vacuum Beef Striploins_Gill, C.O. and DeLacy, K.M., 1991. Growth of Escherichia coli and Salmonella typhimurium on high-pH beef packed under vacuum or carbon dioxide. International journal of food microbiology, 13(1), pp.21-30._1",Escherichia coli,12,Vacuum Beef Striploins,1,N,7,0.0,5.0,60.1988620095063,7585.67656074959
196,"Salmonella Typhimurium_12_Vacuum Beef Striploins_Gill, C.O. and DeLacy, K.M., 1991. Growth of Escherichia coli and Salmonella typhimurium on high-pH beef packed under vacuum or carbon dioxide. International journal of food microbiology, 13(1), pp.21-30._1",Salmonella Typhimurium,12,Vacuum Beef Striploins,1,N,7,-0.011600928074246,4.98839907192575,43.7945133039,1360.86006402141
197,"Spoilage_12_C02 Beef Striploins_Gill, C.O. and DeLacy, K.M., 1991. Growth of Escherichia coli and Salmonella typhimurium on high-pH beef packed under vacuum or carbon dioxide. International journal of food microbiology, 13(1), pp.21-30._1",Spoilage,12,C02 Beef Striploins,1,N,8,-0.0073059982507466,8.99533358821404,90.1211448479806,12871.4998539636
198,"Escherichia coli_12_C02 Beef Striploins_Gill, C.O. and DeLacy, K.M., 1991. Growth of Escherichia coli and Salmonella typhimurium on high-pH beef packed under vacuum or carbon dioxide. International journal of food microbiology, 13(1), pp.21-30._1",Escherichia coli,12,C02 Beef Striploins,1,N,8,-0.0136692870497868,9.00641042427163,36.4881106576891,417.313622748893
199,"Salmonella Typhimurium_12_C02 Beef Striploins_Gill, C.O. and DeLacy, K.M., 1991. Growth of Escherichia coli and Salmonella typhimurium on high-pH beef packed under vacuum or carbon dioxide. International journal of food microbiology, 13(1), pp.21-30._1",Salmonella Typhimurium,12,C02 Beef Striploins,1,N,8,-0.0126794421254921,9.0035822959165,49.4381414387978,304.24122034244
200,"Spoilage_15_Vacuum Beef Striploins_Gill, C.O. and DeLacy, K.M., 1991. Growth of Escherichia coli and Salmonella typhimurium on high-pH beef packed under vacuum or carbon dioxide. International journal of food microbiology, 13(1), pp.21-30._1",Spoilage,15,Vacuum Beef Striploins,1,N,5,0.0259692991732128,3.74309575687227,149.096509589482,10392.3806265307
201,"Escherichia coli_15_Vacuum Beef Striploins_Gill, C.O. and DeLacy, K.M., 1991. Growth of Escherichia coli and Salmonella typhimurium on high-pH beef packed under vacuum or carbon dioxide. International journal of food microbiology, 13(1), pp.21-30._1",Escherichia coli,15,Vacuum Beef Striploins,1,N,5,0.0190097237319065,3.7528588362016,36.3243595048996,9203.08314911939
202,"Salmonella Typhimurium_15_Vacuum Beef Striploins_Gill, C.O. and DeLacy, K.M., 1991. Growth of Escherichia coli and Salmonella typhimurium on high-pH beef packed under vacuum or carbon dioxide. International journal of food microbiology, 13(1), pp.21-30._1",Salmonella Typhimurium,15,Vacuum Beef Striploins,1,N,5,0.0256987856401567,3.74616977429334,60.8685687935877,5492.09727594766
203,"Spoilage_15_C02 Beef Striploins_Gill, C.O. and DeLacy, K.M., 1991. Growth of Escherichia coli and Salmonella typhimurium on high-pH beef packed under vacuum or carbon dioxide. International journal of food microbiology, 13(1), pp.21-30._1",Spoilage,15,C02 Beef Striploins,1,N,7,0.0066553453810129,5.80499249065012,111.284234468239,6865.87123436597
204,"Escherichia coli_15_C02 Beef Striploins_Gill, C.O. and DeLacy, K.M., 1991. Growth of Escherichia coli and Salmonella typhimurium on high-pH beef packed under vacuum or carbon dioxide. International journal of food microbiology, 13(1), pp.21-30._1",Escherichia coli,15,C02 Beef Striploins,1,N,7,0.0022969776093759,5.80316668793498,36.2666102451464,4292.52523354154
205,"Salmonella Typhimurium_15_C02 Beef Striploins_Gill, C.O. and DeLacy, K.M., 1991. Growth of Escherichia coli and Salmonella typhimurium on high-pH beef packed under vacuum or carbon dioxide. International journal of food microbiology, 13(1), pp.21-30._1",Salmonella Typhimurium,15,C02 Beef Striploins,1,N,7,0.0035927085685116,5.81441598853474,50.3570946982332,2341.42044172263
206,"Spoilage_20_Vacuum Beef Striploins_Gill, C.O. and DeLacy, K.M., 1991. Growth of Escherichia coli and Salmonella typhimurium on high-pH beef packed under vacuum or carbon dioxide. International journal of food microbiology, 13(1), pp.21-30._1",Spoilage,20,Vacuum Beef Striploins,1,N,6,0.0,1.80778032036613,162.273765929338,13025.8806127997
207,"Escherichia coli_20_Vacuum Beef Striploins_Gill, C.O. and DeLacy, K.M., 1991. Growth of Escherichia coli and Salmonella typhimurium on high-pH beef packed under vacuum or carbon dioxide. International journal of food microbiology, 13(1), pp.21-30._1",Escherichia coli,20,Vacuum Beef Striploins,1,N,6,0.0,1.80778032036613,101.057589347325,14849.1490651122
208,"Salmonella Typhimurium_20_Vacuum Beef Striploins_Gill, C.O. and DeLacy, K.M., 1991. Growth of Escherichia coli and Salmonella typhimurium on high-pH beef packed under vacuum or carbon dioxide. International journal of food microbiology, 13(1), pp.21-30._1",Salmonella Typhimurium,20,Vacuum Beef Striploins,1,N,6,0.0,1.80778032036613,73.7941946735381,10986.1184627392
209,"Spoilage_20_C02 Beef Striploins_Gill, C.O. and DeLacy, K.M., 1991. Growth of Escherichia coli and Salmonella typhimurium on high-pH beef packed under vacuum or carbon dioxide. International journal of food microbiology, 13(1), pp.21-30._1",Spoilage,20,C02 Beef Striploins,1,N,6,0.0014787726187268,1.80726996592828,193.825529996315,5140.25397163524
210,"Escherichia coli_20_C02 Beef Striploins_Gill, C.O. and DeLacy, K.M., 1991. Growth of Escherichia coli and Salmonella typhimurium on high-pH beef packed under vacuum or carbon dioxide. International journal of food microbiology, 13(1), pp.21-30._1",Escherichia coli,20,C02 Beef Striploins,1,N,6,0.0010491292227454,1.80766963420361,100.314986290562,9485.78113866936
211,"Salmonella Typhimurium_20_C02 Beef Striploins_Gill, C.O. and DeLacy, K.M., 1991. Growth of Escherichia coli and Salmonella typhimurium on high-pH beef packed under vacuum or carbon dioxide. International journal of food microbiology, 13(1), pp.21-30._1",Salmonella Typhimurium,20,C02 Beef Striploins,1,N,6,0.000849295085079582,1.80726996592828,73.8450785377748,5635.05106173376
212,"Spoilage_30_Vacuum Beef Striploins_Gill, C.O. and DeLacy, K.M., 1991. Growth of Escherichia coli and Salmonella typhimurium on high-pH beef packed under vacuum or carbon dioxide. International journal of food microbiology, 13(1), pp.21-30._1",Spoilage,30,Vacuum Beef Striploins,1,N,6,-0.000123152709359586,1.19573891625616,124.976410063433,9928.10596325673
213,"Escherichia coli_30_Vacuum Beef Striploins_Gill, C.O. and DeLacy, K.M., 1991. Growth of Escherichia coli and Salmonella typhimurium on high-pH beef packed under vacuum or carbon dioxide. International journal of food microbiology, 13(1), pp.21-30._1",Escherichia coli,30,Vacuum Beef Striploins,1,N,6,0.000541871921182158,1.19571428571429,81.961530750832,10903.8912508464
214,"Salmonella Typhimurium_30_Vacuum Beef Striploins_Gill, C.O. and DeLacy, K.M., 1991. Growth of Escherichia coli and Salmonella typhimurium on high-pH beef packed under vacuum or carbon dioxide. International journal of food microbiology, 13(1), pp.21-30._1",Salmonella Typhimurium,30,Vacuum Beef Striploins,1,N,6,0.0016256157635467,1.19652709359606,41.2128458403547,6021.70065959103
215,"Spoilage_30_C02 Beef Striploins_Gill, C.O. and DeLacy, K.M., 1991. Growth of Escherichia coli and Salmonella typhimurium on high-pH beef packed under vacuum or carbon dioxide. International journal of food microbiology, 13(1), pp.21-30._1",Spoilage,30,C02 Beef Striploins,1,N,7,0.003248259860789,1.40324825986079,90.0203947417563,5569.36461052581
216,"Escherichia coli_30_C02 Beef Striploins_Gill, C.O. and DeLacy, K.M., 1991. Growth of Escherichia coli and Salmonella typhimurium on high-pH beef packed under vacuum or carbon dioxide. International journal of food microbiology, 13(1), pp.21-30._1",Escherichia coli,30,C02 Beef Striploins,1,N,7,0.003248259860789,1.40324825986079,36.371527350261,8212.8052083955
217,"Salmonella Typhimurium_30_C02 Beef Striploins_Gill, C.O. and DeLacy, K.M., 1991. Growth of Escherichia coli and Salmonella typhimurium on high-pH beef packed under vacuum or carbon dioxide. International journal of food microbiology, 13(1), pp.21-30._1",Salmonella Typhimurium,30,C02 Beef Striploins,1,N,7,0.003248259860789,1.40324825986079,53.7536328644836,6584.35820446032
218,"Serratia marcescens_6_Pasteurised Skim Milk_Phillips, J.D. and Griffiths, M.W., 1987. The relation between temperature and growth of bacteria in dairy products. Food Microbiology, 4(2), pp.173-185._1",Serratia marcescens,6,Pasteurised Skim Milk,1,N,6,25.3953805893732,12410.4221185573,0.978836777223656,463.607103189648
219,"Serratia marcescens_6_UHT Skim Milk_Phillips, J.D. and Griffiths, M.W., 1987. The relation between temperature and growth of bacteria in dairy products. Food Microbiology, 4(2), pp.173-185._1",Serratia marcescens,6,UHT Skim Milk,1,N,7,25.3953805893732,13608.7837069064,0.978836777223656,407.766695936561
220,"Serratia marcescens_10_Pasteurised Skim Milk_Phillips, J.D. and Griffiths, M.W., 1987. The relation between temperature and growth of bacteria in dairy products. Food Microbiology, 4(2), pp.173-185._1",Serratia marcescens,10,Pasteurised Skim Milk,1,N,4,25.3953805893732,4052.06508135169,0.978836777223656,1637.73508197443
221,"Serratia marcescens_10_UHT Skim Milk_Phillips, J.D. and Griffiths, M.W., 1987. The relation between temperature and growth of bacteria in dairy products. Food Microbiology, 4(2), pp.173-185._1",Serratia marcescens,10,UHT Skim Milk,1,N,4,0.0,4123.33598816703,0.989361802994066,1079.18048215139
222,"Serratia marcescens_15_Pasteurised Skim Milk_Phillips, J.D. and Griffiths, M.W., 1987. The relation between temperature and growth of bacteria in dairy products. Food Microbiology, 4(2), pp.173-185._1",Serratia marcescens,15,Pasteurised Skim Milk,1,N,4,527.841620207076,2835.40789623393,28.131737734355,3282.15889479336
223,"Serratia marcescens_15_UHT Skim Milk_Phillips, J.D. and Griffiths, M.W., 1987. The relation between temperature and growth of bacteria in dairy products. Food Microbiology, 4(2), pp.173-185._1",Serratia marcescens,15,UHT Skim Milk,1,N,5,-0.136534304244151,2833.22334736602,0.978836777223656,2765.93410806747
224,"Serratia marcescens_6_Pasteurised Full-fat Milk_Phillips, J.D. and Griffiths, M.W., 1987. The relation between temperature and growth of bacteria in dairy products. Food Microbiology, 4(2), pp.173-185._1",Serratia marcescens,6,Pasteurised Full-fat Milk,1,N,8,0.0,12080.8076468693,1.0,734.574309729187
225,"Serratia marcescens_6_UHT Full-fat Milk_Phillips, J.D. and Griffiths, M.W., 1987. The relation between temperature and growth of bacteria in dairy products. Food Microbiology, 4(2), pp.173-185._1",Serratia marcescens,6,UHT Full-fat Milk,1,N,7,24.6160455375375,9244.16281817205,1.01036372073517,1032.73250306457
226,"Serratia marcescens_10_Pasteurised Full-fat Milk_Phillips, J.D. and Griffiths, M.W., 1987. The relation between temperature and growth of bacteria in dairy products. Food Microbiology, 4(2), pp.173-185._1",Serratia marcescens,10,Pasteurised Full-fat Milk,1,N,5,24.6160455375375,4103.40457523359,1.01036372073517,1225.83024456748
227,"Serratia marcescens_10_UHT Full-fat Milk_Phillips, J.D. and Griffiths, M.W., 1987. The relation between temperature and growth of bacteria in dairy products. Food Microbiology, 4(2), pp.173-185._1",Serratia marcescens,10,UHT Full-fat Milk,1,N,4,24.4871657179674,3987.92825690044,0.999785223368523,2166.36872640319
228,"Serratia marcescens_15_Pasteurised Full-fat Milk_Phillips, J.D. and Griffiths, M.W., 1987. The relation between temperature and growth of bacteria in dairy products. Food Microbiology, 4(2), pp.173-185._1",Serratia marcescens,15,Pasteurised Full-fat Milk,1,N,5,0.0,3009.3437869187,1.0,2352.12847604084
229,"Serratia marcescens_15_UHT Full-fat Milk_Phillips, J.D. and Griffiths, M.W., 1987. The relation between temperature and growth of bacteria in dairy products. Food Microbiology, 4(2), pp.173-185._1",Serratia marcescens,15,UHT Full-fat Milk,1,N,6,24.6160455375375,2837.93362689292,1.01036372073517,2355.66779165304
230,"Serratia marcescens_6_Pasteurised Double Cream_Phillips, J.D. and Griffiths, M.W., 1987. The relation between temperature and growth of bacteria in dairy products. Food Microbiology, 4(2), pp.173-185._1",Serratia marcescens,6,Pasteurised Double Cream,1,N,6,-25.2631578947403,8265.89025755879,1.0,591.687558881871
231,"Serratia marcescens_6_UHT Double Cream_Phillips, J.D. and Griffiths, M.W., 1987. The relation between temperature and growth of bacteria in dairy products. Food Microbiology, 4(2), pp.173-185._1",Serratia marcescens,6,UHT Double Cream,1,N,8,25.2631578947348,11146.1590145577,1.0,604.41153735083
232,"Serratia marcescens_10_Pasteurised Double Cream_Phillips, J.D. and Griffiths, M.W., 1987. The relation between temperature and growth of bacteria in dairy products. Food Microbiology, 4(2), pp.173-185._1",Serratia marcescens,10,Pasteurised Double Cream,1,N,4,0.134378499440572,2834.31131019037,1.01069508575999,591.687558881872
233,"Serratia marcescens_10_UHT Double Cream_Phillips, J.D. and Griffiths, M.W., 1987. The relation between temperature and growth of bacteria in dairy products. Food Microbiology, 4(2), pp.173-185._1",Serratia marcescens,10,UHT Double Cream,1,N,4,0.0,4185.48712206047,1.0,1557.85293697073
234,"Serratia marcescens_15_Pasteurised Double Cream_Phillips, J.D. and Griffiths, M.W., 1987. The relation between temperature and growth of bacteria in dairy products. Food Microbiology, 4(2), pp.173-185._1",Serratia marcescens,15,Pasteurised Double Cream,1,N,6,0.134378499440572,2925.82306830907,1.01069508575999,2054.23660152016
235,"Serratia marcescens_15_UHT Double Cream_Phillips, J.D. and Griffiths, M.W., 1987. The relation between temperature and growth of bacteria in dairy products. Food Microbiology, 4(2), pp.173-185._1",Serratia marcescens,15,UHT Double Cream,1,N,6,0.134378499440572,2904.99440089586,1.01069508575999,2918.20331923669
236,"Arthrobacter sp. 77_0_TGE agar_Roth, N.G. and Wheaton, R.B., 1962. Continuity of psychrophilic and mesophilic growth characteristics in the genus Arthrobacter. Journal of bacteriology, 83(3), pp.551-555._1",Arthrobacter sp. 77,0,TGE agar,1,CFU,19,5.18714401952803,601.444263628966,2.71778251445753,455.682528803618
237,"Arthrobacter sp. 77_7_TGE agar_Roth, N.G. and Wheaton, R.B., 1962. Continuity of psychrophilic and mesophilic growth characteristics in the genus Arthrobacter. Journal of bacteriology, 83(3), pp.551-555._1",Arthrobacter sp. 77,7,TGE agar,1,CFU,13,1.72904800650952,461.482912937347,2.71811538026665,592.983744978767
238,"Arthrobacter sp. 77_20_TGE agar_Roth, N.G. and Wheaton, R.B., 1962. Continuity of psychrophilic and mesophilic growth characteristics in the genus Arthrobacter. Journal of bacteriology, 83(3), pp.551-555._1",Arthrobacter sp. 77,20,TGE agar,1,CFU,7,3.46826688364524,99.5423108218064,2.74697898904412,281.299425104086
239,"Arthrobacter sp. 77_30_TGE agar_Roth, N.G. and Wheaton, R.B., 1962. Continuity of psychrophilic and mesophilic growth characteristics in the genus Arthrobacter. Journal of bacteriology, 83(3), pp.551-555._1",Arthrobacter sp. 77,30,TGE agar,1,CFU,10,1.73921887713601,213.598454027665,2.74563363418563,262.862954677587
240,"Arthrobacter sp. 77_37_TGE agar_Roth, N.G. and Wheaton, R.B., 1962. Continuity of psychrophilic and mesophilic growth characteristics in the genus Arthrobacter. Journal of bacteriology, 83(3), pp.551-555._1",Arthrobacter sp. 77,37,TGE agar,1,CFU,17,1.7290480065094,601.729048006509,2.6856875223971,2.73866517317607
241,"Arthrobacter sp. 88_0_TGE agar_Roth, N.G. and Wheaton, R.B., 1962. Continuity of psychrophilic and mesophilic growth characteristics in the genus Arthrobacter. Journal of bacteriology, 83(3), pp.551-555._1",Arthrobacter sp. 88,0,TGE agar,1,CFU,13,74.9972296212995,530.398236807867,2.74827930035945,134.438790476904
242,"Arthrobacter sp. 88_7_TGE agar_Roth, N.G. and Wheaton, R.B., 1962. Continuity of psychrophilic and mesophilic growth characteristics in the genus Arthrobacter. Journal of bacteriology, 83(3), pp.551-555._1",Arthrobacter sp. 88,7,TGE agar,1,CFU,9,1.59327557264757,337.222808220022,2.74500118680927,192.27475508146
243,"Arthrobacter sp. 88_20_TGE agar_Roth, N.G. and Wheaton, R.B., 1962. Continuity of psychrophilic and mesophilic growth characteristics in the genus Arthrobacter. Journal of bacteriology, 83(3), pp.551-555._1",Arthrobacter sp. 88,20,TGE agar,1,CFU,14,3.18901370414002,271.460174267081,2.74507240855334,1308.27406225959
244,"Arthrobacter sp. 88_30_TGE agar_Roth, N.G. and Wheaton, R.B., 1962. Continuity of psychrophilic and mesophilic growth characteristics in the genus Arthrobacter. Journal of bacteriology, 83(3), pp.551-555._1",Arthrobacter sp. 88,30,TGE agar,1,CFU,11,30.3165619395114,269.948163136315,2.74628346097306,959.700418926148
245,"Arthrobacter sp. 88_37_TGE agar_Roth, N.G. and Wheaton, R.B., 1962. Continuity of psychrophilic and mesophilic growth characteristics in the genus Arthrobacter. Journal of bacteriology, 83(3), pp.551-555._1",Arthrobacter sp. 88,37,TGE agar,1,CFU,16,1.59327557264757,599.997537441155,2.72449534525147,2.78510373825028
246,"Arthrobacter sp. 62_0_TGE agar_Roth, N.G. and Wheaton, R.B., 1962. Continuity of psychrophilic and mesophilic growth characteristics in the genus Arthrobacter. Journal of bacteriology, 83(3), pp.551-555._1",Arthrobacter sp. 62,0,TGE agar,1,CFU,18,0.0,601.626016260162,2.73093667864603,523.483270316647
247,"Arthrobacter sp. 62_7_TGE agar_Roth, N.G. and Wheaton, R.B., 1962. Continuity of psychrophilic and mesophilic growth characteristics in the genus Arthrobacter. Journal of bacteriology, 83(3), pp.551-555._1",Arthrobacter sp. 62,7,TGE agar,1,CFU,12,1.6260162601626,458.536585365854,2.74565157613925,743.999772151028
248,"Arthrobacter sp. 62_20_TGE agar_Roth, N.G. and Wheaton, R.B., 1962. Continuity of psychrophilic and mesophilic growth characteristics in the genus Arthrobacter. Journal of bacteriology, 83(3), pp.551-555._1",Arthrobacter sp. 62,20,TGE agar,1,CFU,9,1.6260162601626,117.073170731707,2.74565157613925,715.102674315934
249,"Arthrobacter sp. 62_30_TGE agar_Roth, N.G. and Wheaton, R.B., 1962. Continuity of psychrophilic and mesophilic growth characteristics in the genus Arthrobacter. Journal of bacteriology, 83(3), pp.551-555._1",Arthrobacter sp. 62,30,TGE agar,1,CFU,10,3.2520325203252,588.617886178862,2.76327983209771,2.80485383405255
250,"Arthrobacter sp. 62_37_TGE agar_Roth, N.G. and Wheaton, R.B., 1962. Continuity of psychrophilic and mesophilic growth characteristics in the genus Arthrobacter. Journal of bacteriology, 83(3), pp.551-555._1",Arthrobacter sp. 62,37,TGE agar,1,CFU,16,1.6260162601626,600.0,2.74054046775945,2.8007667600441
251,"Arthrobacter aurescens_0_TGE agar_Roth, N.G. and Wheaton, R.B., 1962. Continuity of psychrophilic and mesophilic growth characteristics in the genus Arthrobacter. Journal of bacteriology, 83(3), pp.551-555._1",Arthrobacter aurescens,0,TGE agar,1,CFU,17,23.1958762886598,595.360824742268,2.74436174034663,244.046305021096
252,"Arthrobacter aurescens_7_TGE agar_Roth, N.G. and Wheaton, R.B., 1962. Continuity of psychrophilic and mesophilic growth characteristics in the genus Arthrobacter. Journal of bacteriology, 83(3), pp.551-555._1",Arthrobacter aurescens,7,TGE agar,1,CFU,11,1.54639175257734,334.020618556701,2.71828182845905,646.328648475562
253,"Arthrobacter aurescens_20_TGE agar_Roth, N.G. and Wheaton, R.B., 1962. Continuity of psychrophilic and mesophilic growth characteristics in the genus Arthrobacter. Journal of bacteriology, 83(3), pp.551-555._1",Arthrobacter aurescens,20,TGE agar,1,CFU,8,3.09278350515464,236.59793814433,2.71828182845905,295.399476201036
254,"Arthrobacter aurescens_30_TGE agar_Roth, N.G. and Wheaton, R.B., 1962. Continuity of psychrophilic and mesophilic growth characteristics in the genus Arthrobacter. Journal of bacteriology, 83(3), pp.551-555._1",Arthrobacter aurescens,30,TGE agar,1,CFU,5,3.09278350515464,91.2371134020619,2.74436174034663,646.328648475562
255,"Arthrobacter aurescens_37_TGE agar_Roth, N.G. and Wheaton, R.B., 1962. Continuity of psychrophilic and mesophilic growth characteristics in the genus Arthrobacter. Journal of bacteriology, 83(3), pp.551-555._1",Arthrobacter aurescens,37,TGE agar,1,CFU,8,3.09278350515464,218.041237113402,2.74436174034663,46.3357421490507
256,"Arthrobacter citreus_0_TGE agar_Roth, N.G. and Wheaton, R.B., 1962. Continuity of psychrophilic and mesophilic growth characteristics in the genus Arthrobacter. Journal of bacteriology, 83(3), pp.551-555._1",Arthrobacter citreus,0,TGE agar,1,CFU,14,1.5516700678572,438.942646383754,2.72250258330189,75.5350862686161
257,"Arthrobacter citreus_7_TGE agar_Roth, N.G. and Wheaton, R.B., 1962. Continuity of psychrophilic and mesophilic growth characteristics in the genus Arthrobacter. Journal of bacteriology, 83(3), pp.551-555._1",Arthrobacter citreus,7,TGE agar,1,CFU,10,1.5516700678572,342.275510064948,2.74424548186552,210.552794224014
258,"Arthrobacter citreus_20_TGE agar_Roth, N.G. and Wheaton, R.B., 1962. Continuity of psychrophilic and mesophilic growth characteristics in the genus Arthrobacter. Journal of bacteriology, 83(3), pp.551-555._1",Arthrobacter citreus,20,TGE agar,1,CFU,8,1.5516700678572,223.857722671927,2.74424548186552,564.819455383363
259,"Arthrobacter citreus_30_TGE agar_Roth, N.G. and Wheaton, R.B., 1962. Continuity of psychrophilic and mesophilic growth characteristics in the genus Arthrobacter. Journal of bacteriology, 83(3), pp.551-555._1",Arthrobacter citreus,30,TGE agar,1,CFU,9,3.10334013571435,169.75106921612,2.77052535688952,207.924797483952
260,"Arthrobacter citreus_37_TGE agar_Roth, N.G. and Wheaton, R.B., 1962. Continuity of psychrophilic and mesophilic growth characteristics in the genus Arthrobacter. Journal of bacteriology, 83(3), pp.551-555._1",Arthrobacter citreus,37,TGE agar,1,CFU,9,3.10879416055741,222.333322728285,2.71834877343238,508.72808806757
261,"Arthrobacter globiformis_0_TGE agar_Roth, N.G. and Wheaton, R.B., 1962. Continuity of psychrophilic and mesophilic growth characteristics in the genus Arthrobacter. Journal of bacteriology, 83(3), pp.551-555._1",Arthrobacter globiformis,0,TGE agar,1,CFU,19,1.56249999999994,598.4375,2.72352356937694,2.75732469363102
262,"Arthrobacter globiformis_7_TGE agar_Roth, N.G. and Wheaton, R.B., 1962. Continuity of psychrophilic and mesophilic growth characteristics in the genus Arthrobacter. Journal of bacteriology, 83(3), pp.551-555._1",Arthrobacter globiformis,7,TGE agar,1,CFU,17,3.125,526.5625,2.7443171508514,115.401101274884
263,"Arthrobacter globiformis_20_TGE agar_Roth, N.G. and Wheaton, R.B., 1962. Continuity of psychrophilic and mesophilic growth characteristics in the genus Arthrobacter. Journal of bacteriology, 83(3), pp.551-555._1",Arthrobacter globiformis,20,TGE agar,1,CFU,8,3.12499999999997,239.0625,2.77080979773788,147.348512731609
264,"Arthrobacter globiformis_30_TGE agar_Roth, N.G. and Wheaton, R.B., 1962. Continuity of psychrophilic and mesophilic growth characteristics in the genus Arthrobacter. Journal of bacteriology, 83(3), pp.551-555._1",Arthrobacter globiformis,30,TGE agar,1,CFU,8,3.12499999999997,237.5,2.77080979773788,200.389009320527
265,"Arthrobacter globiformis_37_TGE agar_Roth, N.G. and Wheaton, R.B., 1962. Continuity of psychrophilic and mesophilic growth characteristics in the genus Arthrobacter. Journal of bacteriology, 83(3), pp.551-555._1",Arthrobacter globiformis,37,TGE agar,1,CFU,7,1.56249999999994,189.0625,2.77087912181498,225.213705660469
266,"Arthrobacter simplex_0_TGE agar_Roth, N.G. and Wheaton, R.B., 1962. Continuity of psychrophilic and mesophilic growth characteristics in the genus Arthrobacter. Journal of bacteriology, 83(3), pp.551-555._1",Arthrobacter simplex,0,TGE agar,1,CFU,18,3.13649903627126,598.460954383506,2.72295772781862,2.77098952725797
267,"Arthrobacter simplex_7_TGE agar_Roth, N.G. and Wheaton, R.B., 1962. Continuity of psychrophilic and mesophilic growth characteristics in the genus Arthrobacter. Journal of bacteriology, 83(3), pp.551-555._1",Arthrobacter simplex,7,TGE agar,1,CFU,14,4.69890777407863,527.685298755914,2.7437914465558,316.550203321267
268,"Arthrobacter simplex_20_TGE agar_Roth, N.G. and Wheaton, R.B., 1962. Continuity of psychrophilic and mesophilic growth characteristics in the genus Arthrobacter. Journal of bacteriology, 83(3), pp.551-555._1",Arthrobacter simplex,20,TGE agar,1,CFU,7,3.14818059692777,241.974767828982,2.77036840508114,389.085575921975
269,"Arthrobacter simplex_30_TGE agar_Roth, N.G. and Wheaton, R.B., 1962. Continuity of psychrophilic and mesophilic growth characteristics in the genus Arthrobacter. Journal of bacteriology, 83(3), pp.551-555._1",Arthrobacter simplex,30,TGE agar,1,CFU,8,3.14818059692777,266.949944512587,2.77036840508114,373.530296311879
270,"Arthrobacter simplex_37_TGE agar_Roth, N.G. and Wheaton, R.B., 1962. Continuity of psychrophilic and mesophilic growth characteristics in the genus Arthrobacter. Journal of bacteriology, 83(3), pp.551-555._1",Arthrobacter simplex,37,TGE agar,1,CFU,8,3.15986215758426,217.104725191286,2.79699377885925,432.738611861733
271,"Lactobacillus plantarum_8_MRS broth_Silva, A.P.R.D., Longhi, D.A., Dalcanton, F. and Aragão, G.M.F.D., 2018. Modelling the growth of lactic acid bacteria at different temperatures. Brazilian Archives of Biology and Technology, 61._1",Lactobacillus plantarum,8,MRS broth,1,N,11,-0.876301207061971,337.473331519638,47.3272189063536,764.847155202313
272,"Lactobacillus plantarum_12_MRS broth_Silva, A.P.R.D., Longhi, D.A., Dalcanton, F. and Aragão, G.M.F.D., 2018. Modelling the growth of lactic acid bacteria at different temperatures. Brazilian Archives of Biology and Technology, 61._1",Lactobacillus plantarum,12,MRS broth,1,N,16,0.950758172367898,368.905625796475,88.1457908772029,1971189388.87363
273,"Lactobacillus plantarum_16_MRS broth_Silva, A.P.R.D., Longhi, D.A., Dalcanton, F. and Aragão, G.M.F.D., 2018. Modelling the growth of lactic acid bacteria at different temperatures. Brazilian Archives of Biology and Technology, 61._1",Lactobacillus plantarum,16,MRS broth,1,N,18,0.94503071349817,124.698234510803,83.6723083825988,2119130664.18869
274,"Lactobacillus plantarum_20_MRS broth_Silva, A.P.R.D., Longhi, D.A., Dalcanton, F. and Aragão, G.M.F.D., 2018. Modelling the growth of lactic acid bacteria at different temperatures. Brazilian Archives of Biology and Technology, 61._1",Lactobacillus plantarum,20,MRS broth,1,N,16,1.8843339681267,80.310428270737,103.065397867895,3546849027.97338
275,"Lactobacillus plantarum_30_MRS broth_Silva, A.P.R.D., Longhi, D.A., Dalcanton, F. and Aragão, G.M.F.D., 2018. Modelling the growth of lactic acid bacteria at different temperatures. Brazilian Archives of Biology and Technology, 61._1",Lactobacillus plantarum,30,MRS broth,1,N,13,1.41468234081239,34.5766691962943,92.8639852363534,7701034689.0936
276,"Weissella viridescens_4_MRS broth_Silva, A.P.R.D., Longhi, D.A., Dalcanton, F. and Aragão, G.M.F.D., 2018. Modelling the growth of lactic acid bacteria at different temperatures. Brazilian Archives of Biology and Technology, 61._1",Weissella viridescens,4,MRS broth,1,N,9,0.937866354044502,383.118405627198,35.2937209364775,108878.686522555
277,"Weissella viridescens_8_MRS broth_Silva, A.P.R.D., Longhi, D.A., Dalcanton, F. and Aragão, G.M.F.D., 2018. Modelling the growth of lactic acid bacteria at different temperatures. Brazilian Archives of Biology and Technology, 61._1",Weissella viridescens,8,MRS broth,1,N,20,0.937866354044473,337.162954279015,39.2553621304904,417077044.644869
278,"Weissella viridescens_12_MRS broth_Silva, A.P.R.D., Longhi, D.A., Dalcanton, F. and Aragão, G.M.F.D., 2018. Modelling the growth of lactic acid bacteria at different temperatures. Brazilian Archives of Biology and Technology, 61._1",Weissella viridescens,12,MRS broth,1,N,14,1.40679953106678,128.018757327081,48.5595873508849,953024843.747442
279,"Weissella viridescens_16_MRS broth_Silva, A.P.R.D., Longhi, D.A., Dalcanton, F. and Aragão, G.M.F.D., 2018. Modelling the growth of lactic acid bacteria at different temperatures. Brazilian Archives of Biology and Technology, 61._1",Weissella viridescens,16,MRS broth,1,N,17,2.81359906213356,96.1313012895662,66.8033688236728,1720052607.18758
280,"Weissella viridescens_20_MRS broth_Silva, A.P.R.D., Longhi, D.A., Dalcanton, F. and Aragão, G.M.F.D., 2018. Modelling the growth of lactic acid bacteria at different temperatures. Brazilian Archives of Biology and Technology, 61._1",Weissella viridescens,20,MRS broth,1,N,15,1.87573270808903,58.147713950762,82.6524266572566,1727792637.38751
281,"Weissella viridescens_30_MRS broth_Silva, A.P.R.D., Longhi, D.A., Dalcanton, F. and Aragão, G.M.F.D., 2018. Modelling the growth of lactic acid bacteria at different temperatures. Brazilian Archives of Biology and Technology, 61._1",Weissella viridescens,30,MRS broth,1,N,14,-0.468933177022336,30.94958968347,41.4076900447241,1478475784.4209
282,"Lactobacillus sakei_4_MRS broth_Silva, A.P.R.D., Longhi, D.A., Dalcanton, F. and Aragão, G.M.F.D., 2018. Modelling the growth of lactic acid bacteria at different temperatures. Brazilian Archives of Biology and Technology, 61._1",Lactobacillus sakei,4,MRS broth,1,N,9,0.48250904704463,339.686369119421,44.309929369801,50220.3611566343
283,"Lactobacillus sakei_8_MRS broth_Silva, A.P.R.D., Longhi, D.A., Dalcanton, F. and Aragão, G.M.F.D., 2018. Modelling the growth of lactic acid bacteria at different temperatures. Brazilian Archives of Biology and Technology, 61._1",Lactobacillus sakei,8,MRS broth,1,N,19,6.27261761158023,383.594692400482,58.31935721413,201415222.917051
284,"Lactobacillus sakei_12_MRS broth_Silva, A.P.R.D., Longhi, D.A., Dalcanton, F. and Aragão, G.M.F.D., 2018. Modelling the growth of lactic acid bacteria at different temperatures. Brazilian Archives of Biology and Technology, 61._1",Lactobacillus sakei,12,MRS broth,1,N,13,0.0,145.235223160434,46.8126678173278,938075185.936344
285,"Lactobacillus sakei_16_MRS broth_Silva, A.P.R.D., Longhi, D.A., Dalcanton, F. and Aragão, G.M.F.D., 2018. Modelling the growth of lactic acid bacteria at different temperatures. Brazilian Archives of Biology and Technology, 61._1",Lactobacillus sakei,16,MRS broth,1,N,14,0.0,102.291917973462,90.5130922052733,1716814307.69152
286,"Lactobacillus sakei_20_MRS broth_Silva, A.P.R.D., Longhi, D.A., Dalcanton, F. and Aragão, G.M.F.D., 2018. Modelling the growth of lactic acid bacteria at different temperatures. Brazilian Archives of Biology and Technology, 61._1",Lactobacillus sakei,20,MRS broth,1,N,13,-0.48250904704463,57.9010856453559,132.968185136938,1813784382.71159
287,"Lactobacillus sakei_30_MRS broth_Silva, A.P.R.D., Longhi, D.A., Dalcanton, F. and Aragão, G.M.F.D., 2018. Modelling the growth of lactic acid bacteria at different temperatures. Brazilian Archives of Biology and Technology, 61._1",Lactobacillus sakei,30,MRS broth,1,N,11,0.0,33.2931242460796,49.4567673508644,2138812239.27019
288,"Oscillatoria agardhii Strain 97_15_Z8_Sivonen, K., 1990. Effects of light, temperature, nitrate, orthophosphate, and bacteria on growth of and hepatotoxin production by Oscillatoria agardhii strains. Appl. Environ. Microbiol., 56(9), pp.2658-2666._1",Oscillatoria agardhii Strain 97,15,Z8,1,DryWeight,7,0.0638097966962192,506.545675047145,1.11971188940429,4.27469078627769
289,"Oscillatoria agardhii Strain 97_20_Z8_Sivonen, K., 1990. Effects of light, temperature, nitrate, orthophosphate, and bacteria on growth of and hepatotoxin production by Oscillatoria agardhii strains. Appl. Environ. Microbiol., 56(9), pp.2658-2666._1",Oscillatoria agardhii Strain 97,20,Z8,1,DryWeight,7,0.0638097966962619,506.646427357718,1.11971188940429,4.38411471328421
290,"Oscillatoria agardhii Strain 97_25_Z8_Sivonen, K., 1990. Effects of light, temperature, nitrate, orthophosphate, and bacteria on growth of and hepatotoxin production by Oscillatoria agardhii strains. Appl. Environ. Microbiol., 56(9), pp.2658-2666._1",Oscillatoria agardhii Strain 97,25,Z8,1,DryWeight,6,0.0638097966962619,434.081254872694,1.11971188940429,5.54762533237058
291,"Oscillatoria agardhii Strain 97_30_Z8_Sivonen, K., 1990. Effects of light, temperature, nitrate, orthophosphate, and bacteria on growth of and hepatotoxin production by Oscillatoria agardhii strains. Appl. Environ. Microbiol., 56(9), pp.2658-2666._1",Oscillatoria agardhii Strain 97,30,Z8,1,DryWeight,6,0.067168207048681,433.429723264322,1.12503106723449,3.05330841899791
292,"Oscillatoria agardhii StrainCYA 128_15_Z8_Sivonen, K., 1990. Effects of light, temperature, nitrate, orthophosphate, and bacteria on growth of and hepatotoxin production by Oscillatoria agardhii strains. Appl. Environ. Microbiol., 56(9), pp.2658-2666._1",Oscillatoria agardhii StrainCYA 128,15,Z8,1,DryWeight,7,1.18956438487308,504.693633317377,1.72962188903916,3.73402205593353
293,"Oscillatoria agardhii StrainCYA 128_20_Z8_Sivonen, K., 1990. Effects of light, temperature, nitrate, orthophosphate, and bacteria on growth of and hepatotoxin production by Oscillatoria agardhii strains. Appl. Environ. Microbiol., 56(9), pp.2658-2666._1",Oscillatoria agardhii StrainCYA 128,20,Z8,1,DryWeight,7,1.19291527046427,503.034944949737,1.71323767456612,4.52396657244525
294,"Oscillatoria agardhii StrainCYA 128_25_Z8_Sivonen, K., 1990. Effects of light, temperature, nitrate, orthophosphate, and bacteria on growth of and hepatotoxin production by Oscillatoria agardhii strains. Appl. Environ. Microbiol., 56(9), pp.2658-2666._1",Oscillatoria agardhii StrainCYA 128,25,Z8,1,DryWeight,7,1.19291527046431,502.800382958354,1.83749811749399,5.62220470033075
295,"Oscillatoria agardhii StrainCYA 128_30_Z8_Sivonen, K., 1990. Effects of light, temperature, nitrate, orthophosphate, and bacteria on growth of and hepatotoxin production by Oscillatoria agardhii strains. Appl. Environ. Microbiol., 56(9), pp.2658-2666._1",Oscillatoria agardhii StrainCYA 128,30,Z8,1,DryWeight,7,1.18956438487308,502.833891814265,1.84626348837631,5.36091436984208
296,"Pseudomonas sp._15_APT Broth_Stannard, C.J., Williams, A.P. and Gibbs, P.A., 1985. Temperature/growth relationships for psychrotrophic food-spoilage bacteria. Food Microbiology, 2(2), pp.115-122._1",Pseudomonas sp.,15,APT Broth,1,CFU,8,0.0,90.9742312482038,1.0,1032728.14726171
297,"Pseudomonas sp._12_APT Broth_Stannard, C.J., Williams, A.P. and Gibbs, P.A., 1985. Temperature/growth relationships for psychrotrophic food-spoilage bacteria. Food Microbiology, 2(2), pp.115-122._1",Pseudomonas sp.,12,APT Broth,1,CFU,8,-0.258645464124918,93.2943768560206,1.03272814726172,760534.432499603
298,"Pseudomonas sp._8_APT Broth_Stannard, C.J., Williams, A.P. and Gibbs, P.A., 1985. Temperature/growth relationships for psychrotrophic food-spoilage bacteria. Food Microbiology, 2(2), pp.115-122._1",Pseudomonas sp.,8,APT Broth,1,CFU,5,-0.258645464124918,190.72708113804,1.03272814726172,3455107.2945922
299,"Pseudomonas sp._6_APT Broth_Stannard, C.J., Williams, A.P. and Gibbs, P.A., 1985. Temperature/growth relationships for psychrotrophic food-spoilage bacteria. Food Microbiology, 2(2), pp.115-122._1",Pseudomonas sp.,6,APT Broth,1,CFU,6,-0.273972602739725,190.707922214771,1.0,1674080.0609081
300,"Pseudomonas sp._4_APT Broth_Stannard, C.J., Williams, A.P. and Gibbs, P.A., 1985. Temperature/growth relationships for psychrotrophic food-spoilage bacteria. Food Microbiology, 2(2), pp.115-122._1",Pseudomonas sp.,4,APT Broth,1,CFU,5,0.0,262.170706006322,1.0,2424462.01708232
301,"Pseudomonas sp._2_APT Broth_Stannard, C.J., Williams, A.P. and Gibbs, P.A., 1985. Temperature/growth relationships for psychrotrophic food-spoilage bacteria. Food Microbiology, 2(2), pp.115-122._1",Pseudomonas sp.,2,APT Broth,1,CFU,7,-0.250981894817507,378.628221093974,1.04949173070025,560082.171238539
302,"Lactobaciulus plantarum_10_MRS_Zwietering, M.H., De Wit, J.C., Cuppers, H.G.A.M. and Van't Riet, K., 1994. Modeling of bacterial growth with shifts in temperature. Appl. Environ. Microbiol., 60(1), pp.204-213._1",Lactobaciulus plantarum,10,MRS,1,N,151,1.48665549708571,345.07029166765,1.174915149451,7072.42870947292
303,"Lactobaciulus plantarum_15_MRS_Zwietering, M.H., De Wit, J.C., Cuppers, H.G.A.M. and Van't Riet, K., 1994. Modeling of bacterial growth with shifts in temperature. Appl. Environ. Microbiol., 60(1), pp.204-213._1",Lactobaciulus plantarum,15,MRS,1,N,88,1.51969228590983,124.750011798853,2.47934036545174,25068.9729659811
304,"Lactobaciulus plantarum_20_MRS_Zwietering, M.H., De Wit, J.C., Cuppers, H.G.A.M. and Van't Riet, K., 1994. Modeling of bacterial growth with shifts in temperature. Appl. Environ. Microbiol., 60(1), pp.204-213._1",Lactobaciulus plantarum,20,MRS,1,N,108,0.994436867528478,56.1367785553096,1.33931096317057,21271.2710320127
305,"Lactobaciulus plantarum_25_MRS_Zwietering, M.H., De Wit, J.C., Cuppers, H.G.A.M. and Van't Riet, K., 1994. Modeling of bacterial growth with shifts in temperature. Appl. Environ. Microbiol., 60(1), pp.204-213._1",Lactobaciulus plantarum,25,MRS,1,N,89,0.0573553724096918,51.9557473900689,2.18261925744977,27151.7357484672
